,year,league,team,squad_depth,avg_age,foreigners,avg_market_value,market_value,titles
0,2000,LaLiga,Real Sociedad,32,26.1,10,-,-,[]
1,2000,LaLiga,Real Oviedo,32,25.8,13,-,-,[]
2,2000,LaLiga,CD Numancia,27,27.5,7,-,-,[]
3,2000,LaLiga,Deportivo Alavés,27,26.6,13,-,-,[]
4,2000,LaLiga,Málaga CF,28,26.4,9,-,-,[]
5,2000,LaLiga,Villarreal CF,26,27.1,8,-,-,[]
6,2000,LaLiga,Valencia CF,28,27.3,15,-,-,[]
7,2000,LaLiga,Celta de Vigo,34,25.9,16,-,-,[]
8,2000,LaLiga,Deportivo de La Coruña,30,29.0,17,-,-,['Spanish Champion 99/00']
9,2000,LaLiga,RCD Espanyol Barcelona,32,26.0,8,-,-,['Spanish Cup winner  99/00']
10,2000,LaLiga,FC Barcelona,31,25.4,12,-,-,[]
11,2000,LaLiga,Racing Santander,33,26.6,15,-,-,[]
12,2000,LaLiga,Athletic Bilbao,27,26.5,0,-,-,[]
13,2000,LaLiga,UD Las Palmas,30,27.1,11,-,-,['Spanish 2nd tier champion 99/00']
14,2000,LaLiga,Real Madrid,34,25.5,11,-,-,['Champions League Winner 99/00']
15,2000,LaLiga,Rayo Vallecano,26,28.7,6,-,-,[]
16,2000,LaLiga,Real Valladolid CF,27,27.3,9,-,-,[]
17,2000,LaLiga,CA Osasuna,30,27.9,8,-,-,[]
18,2000,LaLiga,RCD Mallorca,41,25.6,12,-,-,[]
19,2000,LaLiga,Real Zaragoza,28,27.6,10,-,-,[]
20,2001,LaLiga,Athletic Bilbao,29,26.5,0,-,-,[]
21,2001,LaLiga,Deportivo Alavés,27,27.5,14,-,-,[]
22,2001,LaLiga,Málaga CF,30,26.7,10,-,-,[]
23,2001,LaLiga,Villarreal CF,26,28.2,6,-,-,[]
24,2001,LaLiga,Valencia CF,30,26.5,12,-,-,[]
25,2001,LaLiga,Celta de Vigo,31,26.5,18,-,-,[]
26,2001,LaLiga,Deportivo de La Coruña,29,28.1,11,-,-,[]
27,2001,LaLiga,RCD Espanyol Barcelona,32,25.7,9,-,-,[]
28,2001,LaLiga,Real Sociedad,34,25.5,10,-,-,[]
29,2001,LaLiga,CD Tenerife,31,26.6,12,-,-,[]
30,2001,LaLiga,FC Barcelona,35,25.1,16,-,-,[]
31,2001,LaLiga,UD Las Palmas,30,26.8,7,-,-,[]
32,2001,LaLiga,Real Madrid,37,25.5,13,-,-,['Spanish Champion 00/01']
33,2001,LaLiga,Sevilla FC,32,26.8,9,-,-,['Spanish 2nd tier champion 00/01']
34,2001,LaLiga,Rayo Vallecano,28,29.5,9,-,-,[]
35,2001,LaLiga,Real Valladolid CF,30,26.6,8,-,-,[]
36,2001,LaLiga,CA Osasuna,26,27.2,7,-,-,[]
37,2001,LaLiga,RCD Mallorca,29,27.0,11,-,-,[]
38,2001,LaLiga,Real Betis Balompié,31,26.5,12,-,-,[]
39,2001,LaLiga,Real Zaragoza,30,27.9,11,-,-,['Spanish Cup winner  00/01']
40,2002,LaLiga,RCD Espanyol Barcelona,34,26.4,9,-,-,[]
41,2002,LaLiga,Rayo Vallecano,30,26.7,7,-,-,[]
42,2002,LaLiga,Recreativo Huelva,29,27.3,4,-,-,[]
43,2002,LaLiga,Atlético de Madrid,25,28.6,9,-,-,['Spanish 2nd tier champion 01/02']
44,2002,LaLiga,Deportivo de La Coruña,28,29.2,10,-,-,['Spanish Cup winner  01/02']
45,2002,LaLiga,Sevilla FC,32,26.9,7,-,-,[]
46,2002,LaLiga,FC Barcelona,32,25.3,15,-,-,[]
47,2002,LaLiga,Celta de Vigo,32,26.8,16,-,-,[]
48,2002,LaLiga,Real Madrid,31,26.0,10,-,-,"['Champions League Winner 01/02', 'Intercontinental Cup Winner 01/02']"
49,2002,LaLiga,Real Betis Balompié,30,26.5,10,-,-,[]
50,2002,LaLiga,Valencia CF,35,25.6,11,-,-,['Spanish Champion 01/02']
51,2002,LaLiga,Athletic Bilbao,31,26.3,0,-,-,[]
52,2002,LaLiga,RCD Mallorca,29,27.1,8,-,-,[]
53,2002,LaLiga,Villarreal CF,31,25.6,5,-,-,[]
54,2002,LaLiga,Racing Santander,32,26.3,11,-,-,[]
55,2002,LaLiga,CA Osasuna,31,27.5,10,-,-,[]
56,2002,LaLiga,Málaga CF,33,26.1,8,-,-,[]
57,2002,LaLiga,Real Sociedad,25,27.2,8,-,-,[]
58,2002,LaLiga,Real Valladolid CF,30,25.7,6,-,-,[]
59,2002,LaLiga,Deportivo Alavés,25,28.9,10,-,-,[]
60,2003,LaLiga,Athletic Bilbao,29,25.8,0,-,-,[]
61,2003,LaLiga,Albacete Balompié,34,26.3,11,-,-,[]
62,2003,LaLiga,Málaga CF,27,26.3,7,-,-,[]
63,2003,LaLiga,Villarreal CF,33,24.3,6,-,-,[]
64,2003,LaLiga,Valencia CF,31,25.9,9,-,-,[]
65,2003,LaLiga,Celta de Vigo,31,27.7,15,-,-,[]
66,2003,LaLiga,Deportivo de La Coruña,28,29.8,9,-,-,[]
67,2003,LaLiga,RCD Espanyol Barcelona,35,26.1,14,-,-,[]
68,2003,LaLiga,Real Sociedad,32,26.0,8,-,-,[]
69,2003,LaLiga,Racing Santander,38,25.2,15,-,-,[]
70,2003,LaLiga,Atlético de Madrid,33,26.4,13,-,-,[]
71,2003,LaLiga,Real Madrid,32,25.7,8,-,-,['Spanish Champion 02/03']
72,2003,LaLiga,Sevilla FC,35,25.8,8,-,-,[]
73,2003,LaLiga,Real Valladolid CF,30,26.5,12,-,-,[]
74,2003,LaLiga,CA Osasuna,27,26.7,9,-,-,[]
75,2003,LaLiga,RCD Mallorca,32,26.8,12,-,-,['Spanish Cup winner  02/03']
76,2003,LaLiga,Real Murcia CF,35,27.3,12,-,-,['Spanish 2nd tier champion 02/03']
77,2003,LaLiga,Real Betis Balompié,29,27.0,6,-,-,[]
78,2003,LaLiga,Real Zaragoza,30,27.1,8,-,-,[]
79,2003,LaLiga,FC Barcelona,33,25.4,13,-,-,[]
80,2004,LaLiga,Real Madrid,34,25.9,10,€8.93m,€303.70m,[]
81,2004,LaLiga,FC Barcelona,35,24.9,15,€7.80m,€273.03m,[]
82,2004,LaLiga,Valencia CF,32,26.8,15,€6.12m,€195.90m,"['Spanish Champion 03/04', 'UEFA Cup Winner 03/04']"
83,2004,LaLiga,Deportivo de La Coruña,29,28.0,8,€4.98m,€144.45m,[]
84,2004,LaLiga,Atlético de Madrid,38,26.1,11,€3.31m,€125.65m,[]
85,2004,LaLiga,Real Betis Balompié,32,26.6,8,€2.66m,€85.15m,[]
86,2004,LaLiga,Sevilla FC,31,26.0,6,€2.28m,€70.55m,[]
87,2004,LaLiga,Villarreal CF,38,24.9,10,€1.74m,€66.25m,[]
88,2004,LaLiga,Real Sociedad,32,25.6,7,€1.67m,€53.55m,[]
89,2004,LaLiga,Athletic Bilbao,32,25.8,0,€1.66m,€53.05m,[]
90,2004,LaLiga,Real Zaragoza,28,26.3,7,€1.83m,€51.13m,['Spanish Cup winner  03/04']
91,2004,LaLiga,RCD Espanyol Barcelona,29,26.1,8,€1.56m,€45.15m,[]
92,2004,LaLiga,RCD Mallorca,32,26.8,11,€1.33m,€42.65m,[]
93,2004,LaLiga,Racing Santander,34,25.0,13,€968k,€32.90m,[]
94,2004,LaLiga,Málaga CF,31,26.2,9,€1.06m,€32.85m,[]
95,2004,LaLiga,CA Osasuna,27,26.1,8,€989k,€26.70m,[]
96,2004,LaLiga,Levante UD,27,29.5,8,€898k,€24.25m,['Spanish 2nd tier champion 03/04']
97,2004,LaLiga,Albacete Balompié,38,25.9,8,€467k,€17.75m,[]
98,2004,LaLiga,Getafe CF,29,27.8,3,€478k,€13.85m,[]
99,2004,LaLiga,CD Numancia,30,27.5,7,€447k,€13.40m,[]
100,2005,LaLiga,FC Barcelona,34,25.4,16,€9.63m,€327.50m,['Spanish Champion 04/05']
101,2005,LaLiga,Real Madrid,36,25.4,13,€7.82m,€281.60m,[]
102,2005,LaLiga,Valencia CF,34,27.3,14,€6.28m,€213.55m,[]
103,2005,LaLiga,Atlético de Madrid,31,24.2,8,€4.33m,€134.15m,[]
104,2005,LaLiga,Deportivo de La Coruña,34,27.5,8,€3.94m,€133.80m,[]
105,2005,LaLiga,Sevilla FC,34,26.0,10,€2.85m,€96.85m,[]
106,2005,LaLiga,Real Betis Balompié,33,26.2,8,€2.60m,€85.95m,['Spanish Cup winner  04/05']
107,2005,LaLiga,Villarreal CF,32,25.9,13,€2.56m,€82.00m,[]
108,2005,LaLiga,Real Zaragoza,25,27.7,7,€2.66m,€66.55m,[]
109,2005,LaLiga,RCD Espanyol Barcelona,31,25.5,9,€1.90m,€58.98m,[]
110,2005,LaLiga,Real Sociedad,31,25.9,7,€1.74m,€53.83m,[]
111,2005,LaLiga,Celta de Vigo,27,26.7,13,€1.79m,€48.30m,[]
112,2005,LaLiga,Athletic Bilbao,41,25.2,1,€1.15m,€47.23m,[]
113,2005,LaLiga,RCD Mallorca,31,26.1,15,€1.36m,€42.15m,[]
114,2005,LaLiga,CA Osasuna,25,26.6,7,€1.63m,€40.70m,[]
115,2005,LaLiga,Getafe CF,26,27.4,6,€1.40m,€36.38m,[]
116,2005,LaLiga,Deportivo Alavés,31,28.2,17,€1.12m,€34.83m,[]
117,2005,LaLiga,Racing Santander,34,25.4,8,€893k,€30.35m,[]
118,2005,LaLiga,Málaga CF,33,26.0,9,€849k,€28.03m,[]
119,2005,LaLiga,Cádiz CF,28,28.8,13,€791k,€22.15m,['Spanish 2nd tier champion 04/05']
120,2006,LaLiga,Real Madrid,39,25.3,15,€9.54m,€372.20m,[]
121,2006,LaLiga,FC Barcelona,32,26.4,18,€11.45m,€366.50m,"['Champions League Winner 05/06', 'Spanish Champion 05/06']"
122,2006,LaLiga,Valencia CF,33,26.5,9,€7.05m,€232.70m,[]
123,2006,LaLiga,Atlético de Madrid,34,24.9,13,€5.12m,€174.00m,[]
124,2006,LaLiga,Sevilla FC,30,26.5,14,€4.66m,€139.80m,['UEFA Cup Winner 05/06']
125,2006,LaLiga,Real Zaragoza,26,27.1,8,€4.66m,€121.25m,[]
126,2006,LaLiga,Villarreal CF,33,27.0,16,€3.30m,€109.05m,[]
127,2006,LaLiga,Deportivo de La Coruña,33,25.3,10,€3.00m,€98.85m,[]
128,2006,LaLiga,Real Betis Balompié,34,27.1,12,€2.32m,€78.93m,[]
129,2006,LaLiga,CA Osasuna,34,25.2,7,€2.10m,€71.35m,[]
130,2006,LaLiga,RCD Espanyol Barcelona,34,25.2,9,€1.83m,€62.15m,['Spanish Cup winner  05/06']
131,2006,LaLiga,RCD Mallorca,24,27.0,11,€2.30m,€55.30m,[]
132,2006,LaLiga,Athletic Bilbao,30,26.3,1,€1.83m,€54.90m,[]
133,2006,LaLiga,Celta de Vigo,32,26.5,16,€1.71m,€54.88m,[]
134,2006,LaLiga,Levante UD,30,29.9,17,€1.79m,€53.75m,[]
135,2006,LaLiga,Racing Santander,34,25.9,7,€1.45m,€49.30m,[]
136,2006,LaLiga,Real Sociedad,32,26.6,10,€1.41m,€45.20m,[]
137,2006,LaLiga,Recreativo Huelva,28,27.1,6,€1.50m,€41.90m,['Spanish 2nd tier champion 05/06']
138,2006,LaLiga,Getafe CF,25,28.0,7,€1.60m,€40.05m,[]
139,2006,LaLiga,Gimnàstic de Tarragona,34,29.3,10,€831k,€28.25m,[]
140,2007,LaLiga,FC Barcelona,34,26.2,15,€12.17m,€413.70m,[]
141,2007,LaLiga,Real Madrid,26,26.4,17,€13.68m,€355.80m,['Spanish Champion 06/07']
142,2007,LaLiga,Valencia CF,30,26.7,10,€7.88m,€236.50m,[]
143,2007,LaLiga,Atlético de Madrid,37,25.8,16,€5.72m,€211.70m,[]
144,2007,LaLiga,Sevilla FC,35,26.3,20,€5.70m,€199.40m,"['UEFA Cup Winner 06/07', 'Spanish Cup winner  06/07']"
145,2007,LaLiga,Villarreal CF,30,26.8,15,€4.98m,€149.30m,[]
146,2007,LaLiga,RCD Espanyol Barcelona,30,26.1,10,€4.02m,€120.50m,[]
147,2007,LaLiga,Real Zaragoza,32,26.6,8,€3.75m,€119.90m,[]
148,2007,LaLiga,CA Osasuna,31,25.8,9,€2.64m,€81.90m,[]
149,2007,LaLiga,Real Betis Balompié,32,26.3,11,€2.53m,€81.10m,[]
150,2007,LaLiga,RCD Mallorca,29,26.2,12,€2.74m,€79.60m,[]
151,2007,LaLiga,Athletic Bilbao,32,26.7,1,€2.34m,€75.00m,[]
152,2007,LaLiga,Racing Santander,33,25.5,10,€2.23m,€73.70m,[]
153,2007,LaLiga,Deportivo de La Coruña,33,25.8,9,€2.18m,€72.10m,[]
154,2007,LaLiga,Getafe CF,32,26.0,9,€2.15m,€68.90m,[]
155,2007,LaLiga,UD Almería,26,26.4,9,€2.18m,€56.70m,[]
156,2007,LaLiga,Recreativo Huelva,29,27.4,12,€1.92m,€55.60m,[]
157,2007,LaLiga,Real Murcia CF,29,27.8,9,€1.73m,€50.10m,[]
158,2007,LaLiga,Real Valladolid CF,30,27.8,6,€1.59m,€47.65m,['Spanish 2nd tier champion 06/07']
159,2007,LaLiga,Levante UD,37,27.7,15,€1.12m,€41.50m,[]
160,2008,LaLiga,Real Madrid,36,26.0,20,€11.91m,€428.60m,['Spanish Champion 07/08']
161,2008,LaLiga,FC Barcelona,34,25.3,14,€12.51m,€425.40m,[]
162,2008,LaLiga,Valencia CF,35,26.7,10,€6.50m,€227.50m,['Spanish Cup winner  07/08']
163,2008,LaLiga,Atlético de Madrid,29,26.1,15,€7.63m,€221.40m,[]
164,2008,LaLiga,Sevilla FC,35,25.9,20,€5.79m,€202.70m,[]
165,2008,LaLiga,Villarreal CF,31,26.9,14,€5.48m,€170.00m,[]
166,2008,LaLiga,Real Betis Balompié,33,27.1,13,€3.60m,€118.70m,[]
167,2008,LaLiga,RCD Espanyol Barcelona,31,26.2,10,€3.07m,€95.30m,[]
168,2008,LaLiga,Racing Santander,35,25.9,10,€2.44m,€85.50m,[]
169,2008,LaLiga,UD Almería,25,26.4,10,€3.20m,€80.00m,[]
170,2008,LaLiga,Athletic Bilbao,32,26.3,1,€2.43m,€77.60m,[]
171,2008,LaLiga,Deportivo de La Coruña,34,26.4,10,€2.27m,€77.30m,[]
172,2008,LaLiga,Getafe CF,28,27.2,13,€2.66m,€74.50m,[]
173,2008,LaLiga,RCD Mallorca,27,26.3,10,€2.55m,€68.90m,[]
174,2008,LaLiga,CA Osasuna,31,26.9,10,€2.16m,€67.10m,[]
175,2008,LaLiga,Málaga CF,27,28.0,8,€2.00m,€54.00m,[]
176,2008,LaLiga,Recreativo Huelva,31,26.5,9,€1.61m,€49.90m,[]
177,2008,LaLiga,Real Valladolid CF,27,28.1,8,€1.81m,€48.80m,[]
178,2008,LaLiga,CD Numancia,32,27.3,2,€1.19m,€38.10m,['Spanish 2nd tier champion 07/08']
179,2008,LaLiga,Sporting Gijón,31,26.6,2,€1.17m,€36.30m,[]
180,2009,LaLiga,FC Barcelona,31,25.6,15,€16.63m,€515.40m,"['Spanish Cup winner  08/09', 'Spanish Champion 08/09', 'Champions League Winner 08/09']"
181,2009,LaLiga,Real Madrid,32,25.7,16,€14.12m,€451.70m,[]
182,2009,LaLiga,Valencia CF,34,26.2,10,€7.06m,€240.00m,[]
183,2009,LaLiga,Sevilla FC,36,26.0,18,€6.06m,€218.30m,[]
184,2009,LaLiga,Atlético de Madrid,37,24.6,16,€5.70m,€210.80m,[]
185,2009,LaLiga,Villarreal CF,31,27.0,13,€5.28m,€163.70m,[]
186,2009,LaLiga,Athletic Bilbao,36,25.7,1,€2.80m,€100.80m,[]
187,2009,LaLiga,Real Zaragoza,38,26.8,18,€2.30m,€87.25m,[]
188,2009,LaLiga,Getafe CF,29,26.9,9,€2.67m,€77.30m,[]
189,2009,LaLiga,Deportivo de La Coruña,31,26.4,8,€2.45m,€75.90m,[]
190,2009,LaLiga,RCD Espanyol Barcelona,34,25.2,13,€2.09m,€71.00m,[]
191,2009,LaLiga,Racing Santander,33,25.9,8,€1.98m,€65.50m,[]
192,2009,LaLiga,RCD Mallorca,28,26.9,11,€2.33m,€65.10m,[]
193,2009,LaLiga,UD Almería,25,26.9,13,€2.55m,€63.70m,[]
194,2009,LaLiga,CA Osasuna,27,27.8,7,€2.22m,€60.00m,[]
195,2009,LaLiga,Málaga CF,37,25.8,13,€1.58m,€58.60m,[]
196,2009,LaLiga,Sporting Gijón,35,25.9,3,€1.58m,€55.20m,[]
197,2009,LaLiga,Real Valladolid CF,34,25.9,8,€1.49m,€50.50m,[]
198,2009,LaLiga,CD Tenerife,24,27.4,4,€1.42m,€34.00m,[]
199,2009,LaLiga,Xerez CD,28,27.4,8,€1.16m,€32.50m,['Spanish 2nd tier champion 08/09']
200,2010,LaLiga,FC Barcelona,35,25.1,12,€17.28m,€604.70m,['Spanish Champion 09/10']
201,2010,LaLiga,Real Madrid,38,24.7,16,€13.66m,€519.00m,[]
202,2010,LaLiga,Atlético de Madrid,31,25.4,10,€6.03m,€187.00m,['Europa League Winner 09/10']
203,2010,LaLiga,Valencia CF,32,26.9,13,€5.52m,€176.60m,[]
204,2010,LaLiga,Sevilla FC,36,26.1,20,€4.88m,€175.60m,['Spanish Cup winner  09/10']
205,2010,LaLiga,Villarreal CF,34,25.8,13,€5.02m,€170.60m,[]
206,2010,LaLiga,Athletic Bilbao,30,25.6,1,€3.73m,€112.00m,[]
207,2010,LaLiga,RCD Espanyol Barcelona,35,24.6,12,€2.24m,€78.40m,[]
208,2010,LaLiga,UD Almería,30,26.2,16,€2.45m,€73.60m,[]
209,2010,LaLiga,Málaga CF,37,26.9,18,€1.92m,€71.05m,[]
210,2010,LaLiga,Real Sociedad,26,26.3,6,€2.57m,€66.70m,['Spanish 2nd tier champion 09/10']
211,2010,LaLiga,Getafe CF,29,25.8,7,€2.29m,€66.40m,[]
212,2010,LaLiga,Deportivo de La Coruña,33,27.0,10,€1.93m,€63.70m,[]
213,2010,LaLiga,Racing Santander,30,26.4,12,€1.98m,€59.30m,[]
214,2010,LaLiga,CA Osasuna,29,28.5,6,€2.00m,€57.90m,[]
215,2010,LaLiga,Real Zaragoza,30,26.6,16,€1.90m,€57.00m,[]
216,2010,LaLiga,RCD Mallorca,28,26.0,12,€1.92m,€53.70m,[]
217,2010,LaLiga,Sporting Gijón,33,26.3,5,€1.62m,€53.40m,[]
218,2010,LaLiga,Hércules CF,32,27.3,12,€1.62m,€51.70m,[]
219,2010,LaLiga,Levante UD,33,27.2,7,€1.13m,€37.40m,[]
220,2011,LaLiga,FC Barcelona,35,25.3,11,€17.66m,€618.20m,"['Spanish Champion 10/11', 'Champions League Winner 10/11']"
221,2011,LaLiga,Real Madrid,33,25.2,16,€16.34m,€539.20m,['Spanish Cup winner  10/11']
222,2011,LaLiga,Atlético de Madrid,37,24.9,17,€5.68m,€210.00m,[]
223,2011,LaLiga,Valencia CF,28,26.0,13,€6.46m,€181.00m,[]
224,2011,LaLiga,Athletic Bilbao,30,25.7,1,€4.81m,€144.20m,[]
225,2011,LaLiga,Villarreal CF,35,26.0,12,€3.91m,€137.00m,[]
226,2011,LaLiga,Sevilla FC,34,25.6,14,€3.91m,€133.00m,[]
227,2011,LaLiga,Málaga CF,32,27.4,18,€3.79m,€121.30m,[]
228,2011,LaLiga,RCD Espanyol Barcelona,37,24.5,19,€2.19m,€81.20m,[]
229,2011,LaLiga,Real Sociedad,26,25.8,8,€2.87m,€74.70m,[]
230,2011,LaLiga,Getafe CF,34,26.9,7,€2.09m,€70.95m,[]
231,2011,LaLiga,RCD Mallorca,32,25.2,13,€1.94m,€62.20m,[]
232,2011,LaLiga,Real Zaragoza,33,26.6,16,€1.85m,€61.00m,[]
233,2011,LaLiga,Granada CF,32,26.8,14,€1.89m,€60.60m,[]
234,2011,LaLiga,Sporting Gijón,33,26.4,8,€1.62m,€53.40m,[]
235,2011,LaLiga,Real Betis Balompié,36,26.2,6,€1.46m,€52.70m,['Spanish 2nd tier champion 10/11']
236,2011,LaLiga,Rayo Vallecano,37,26.3,6,€1.28m,€47.30m,[]
237,2011,LaLiga,CA Osasuna,32,27.5,8,€1.39m,€44.40m,[]
238,2011,LaLiga,Racing Santander,38,24.6,9,€1.12m,€42.60m,[]
239,2011,LaLiga,Levante UD,34,27.9,9,€1.18m,€40.25m,[]
240,2012,LaLiga,FC Barcelona,30,26.3,9,€19.55m,€586.60m,['Spanish Cup winner  11/12']
241,2012,LaLiga,Real Madrid,34,25.9,19,€17.13m,€582.40m,['Spanish Champion 11/12']
242,2012,LaLiga,Atlético de Madrid,33,24.9,15,€8.09m,€267.00m,['Europa League Winner 11/12']
243,2012,LaLiga,Valencia CF,30,25.6,14,€5.76m,€172.90m,[]
244,2012,LaLiga,Sevilla FC,34,25.3,14,€4.26m,€144.80m,[]
245,2012,LaLiga,Málaga CF,33,27.2,21,€3.72m,€122.90m,[]
246,2012,LaLiga,Athletic Bilbao,35,24.2,1,€3.42m,€119.85m,[]
247,2012,LaLiga,Real Sociedad,26,25.5,8,€4.34m,€112.80m,[]
248,2012,LaLiga,Granada CF,31,27.2,14,€2.35m,€72.80m,[]
249,2012,LaLiga,Getafe CF,31,27.2,5,€2.20m,€68.30m,[]
250,2012,LaLiga,Real Betis Balompié,37,25.8,8,€1.79m,€66.20m,[]
251,2012,LaLiga,RCD Espanyol Barcelona,31,25.9,13,€2.07m,€64.10m,[]
252,2012,LaLiga,Rayo Vallecano,34,26.1,9,€1.46m,€49.75m,[]
253,2012,LaLiga,Celta de Vigo,30,26.8,10,€1.64m,€49.10m,[]
254,2012,LaLiga,RCD Mallorca,36,25.3,13,€1.31m,€47.10m,[]
255,2012,LaLiga,Real Zaragoza,37,26.5,12,€1.26m,€46.80m,[]
256,2012,LaLiga,CA Osasuna,31,28.2,6,€1.50m,€46.40m,[]
257,2012,LaLiga,Deportivo de La Coruña,31,28.8,15,€1.47m,€45.60m,['Spanish 2nd tier champion 11/12']
258,2012,LaLiga,Levante UD,32,28.4,14,€1.28m,€41.10m,[]
259,2012,LaLiga,Real Valladolid CF,25,27.0,8,€1.55m,€38.80m,[]
260,2013,LaLiga,Real Madrid,32,25.5,15,€19.90m,€636.80m,[]
261,2013,LaLiga,FC Barcelona,29,26.6,10,€20.42m,€592.20m,['Spanish Champion 12/13']
262,2013,LaLiga,Atlético de Madrid,35,25.5,19,€8.82m,€308.80m,['Spanish Cup winner  12/13']
263,2013,LaLiga,Valencia CF,42,25.1,21,€4.26m,€178.80m,[]
264,2013,LaLiga,Sevilla FC,37,25.0,19,€3.81m,€141.15m,[]
265,2013,LaLiga,Real Sociedad,31,25.9,8,€4.41m,€136.70m,[]
266,2013,LaLiga,Athletic Bilbao,27,26.2,0,€4.84m,€130.70m,[]
267,2013,LaLiga,Villarreal CF,29,24.8,9,€2.67m,€77.30m,[]
268,2013,LaLiga,Málaga CF,31,26.5,21,€2.02m,€62.50m,[]
269,2013,LaLiga,Real Betis Balompié,41,24.9,12,€1.43m,€58.60m,[]
270,2013,LaLiga,Granada CF,34,25.5,23,€1.69m,€57.48m,[]
271,2013,LaLiga,Getafe CF,32,27.4,6,€1.75m,€55.90m,[]
272,2013,LaLiga,RCD Espanyol Barcelona,26,26.2,10,€1.97m,€51.30m,[]
273,2013,LaLiga,Celta de Vigo,29,26.1,8,€1.72m,€49.90m,[]
274,2013,LaLiga,Rayo Vallecano,33,25.7,10,€1.40m,€46.10m,[]
275,2013,LaLiga,Elche CF,32,27.3,7,€1.39m,€44.60m,['Spanish 2nd tier champion 12/13']
276,2013,LaLiga,Levante UD,33,28.2,14,€1.28m,€42.40m,[]
277,2013,LaLiga,CA Osasuna,29,27.5,6,€1.46m,€42.30m,[]
278,2013,LaLiga,Real Valladolid CF,31,27.1,13,€1.33m,€41.20m,[]
279,2013,LaLiga,UD Almería,34,26.7,12,€1.07m,€36.45m,[]
280,2014,LaLiga,Real Madrid,41,24.7,19,€19.21m,€787.80m,"['Spanish Cup winner  13/14', 'Champions League Winner 13/14']"
281,2014,LaLiga,FC Barcelona,31,25.9,17,€19.48m,€603.80m,[]
282,2014,LaLiga,Atlético de Madrid,32,26.2,16,€11.13m,€356.00m,['Spanish Champion 13/14']
283,2014,LaLiga,Valencia CF,26,24.5,13,€8.85m,€230.00m,[]
284,2014,LaLiga,Sevilla FC,34,25.5,14,€4.90m,€166.75m,['Europa League Winner 13/14']
285,2014,LaLiga,Villarreal CF,37,24.5,12,€3.59m,€132.70m,[]
286,2014,LaLiga,Athletic Bilbao,27,26.6,1,€4.15m,€112.10m,[]
287,2014,LaLiga,Real Sociedad,30,26.0,5,€3.23m,€96.80m,[]
288,2014,LaLiga,Málaga CF,30,27.1,18,€2.76m,€82.80m,[]
289,2014,LaLiga,RCD Espanyol Barcelona,32,26.0,6,€2.37m,€75.70m,[]
290,2014,LaLiga,Granada CF,39,25.8,22,€1.73m,€67.55m,[]
291,2014,LaLiga,Celta de Vigo,28,24.8,11,€2.16m,€60.40m,[]
292,2014,LaLiga,Deportivo de La Coruña,33,26.9,12,€1.62m,€53.40m,[]
293,2014,LaLiga,Rayo Vallecano,29,27.1,12,€1.78m,€51.70m,[]
294,2014,LaLiga,Córdoba CF,36,26.3,15,€1.41m,€50.90m,[]
295,2014,LaLiga,Getafe CF,33,26.7,9,€1.52m,€50.20m,[]
296,2014,LaLiga,Levante UD,31,28.3,10,€1.40m,€43.45m,[]
297,2014,LaLiga,Elche CF,29,26.2,9,€1.33m,€38.60m,[]
298,2014,LaLiga,UD Almería,31,25.5,11,€1.24m,€38.30m,[]
299,2014,LaLiga,SD Eibar,25,28.7,3,€1.18m,€29.40m,['Spanish 2nd tier champion 13/14']
300,2015,LaLiga,FC Barcelona,32,26.4,16,€22.69m,€726.00m,"['Spanish Champion 14/15', 'Spanish Cup winner  14/15', 'Champions League Winner 14/15']"
301,2015,LaLiga,Real Madrid,30,25.3,17,€23.81m,€714.30m,[]
302,2015,LaLiga,Atlético de Madrid,30,25.9,17,€13.95m,€418.50m,[]
303,2015,LaLiga,Valencia CF,38,24.1,20,€6.68m,€254.00m,[]
304,2015,LaLiga,Sevilla FC,38,26.2,19,€6.06m,€230.30m,['Europa League Winner 14/15']
305,2015,LaLiga,Athletic Bilbao,28,27.4,1,€5.29m,€148.00m,[]
306,2015,LaLiga,Villarreal CF,28,25.8,10,€5.02m,€140.60m,[]
307,2015,LaLiga,Real Sociedad,32,26.0,6,€3.73m,€119.40m,[]
308,2015,LaLiga,Celta de Vigo,28,25.2,13,€3.25m,€91.10m,[]
309,2015,LaLiga,Málaga CF,33,27.5,23,€2.36m,€77.95m,[]
310,2015,LaLiga,Granada CF,33,26.3,19,€2.17m,€71.50m,[]
311,2015,LaLiga,RCD Espanyol Barcelona,33,25.6,9,€1.88m,€62.20m,[]
312,2015,LaLiga,Deportivo de La Coruña,30,28.7,11,€2.06m,€61.75m,[]
313,2015,LaLiga,SD Eibar,35,26.2,9,€1.62m,€56.60m,[]
314,2015,LaLiga,Real Betis Balompié,33,27.4,14,€1.71m,€56.40m,['Spanish 2nd tier champion 14/15']
315,2015,LaLiga,Sporting Gijón,29,25.2,8,€1.83m,€53.20m,[]
316,2015,LaLiga,Levante UD,31,27.8,10,€1.71m,€53.10m,[]
317,2015,LaLiga,Rayo Vallecano,35,28.4,13,€1.42m,€49.60m,[]
318,2015,LaLiga,Getafe CF,30,26.2,12,€1.64m,€49.10m,[]
319,2015,LaLiga,UD Las Palmas,33,27.7,7,€976k,€32.20m,[]
320,2016,LaLiga,Real Madrid,29,26.2,18,€27.69m,€802.90m,['Champions League Winner 15/16']
321,2016,LaLiga,FC Barcelona,33,26.3,18,€23.19m,€765.30m,"['Spanish Champion 15/16', 'Spanish Cup winner  15/16']"
322,2016,LaLiga,Atlético de Madrid,38,25.1,22,€13.57m,€515.80m,[]
323,2016,LaLiga,Sevilla FC,38,26.1,23,€7.11m,€270.10m,['Europa League Winner 15/16']
324,2016,LaLiga,Valencia CF,38,25.3,18,€6.78m,€257.50m,[]
325,2016,LaLiga,Villarreal CF,34,26.3,13,€5.61m,€190.70m,[]
326,2016,LaLiga,Athletic Bilbao,30,27.3,1,€5.75m,€172.60m,[]
327,2016,LaLiga,Real Sociedad,30,26.2,4,€5.22m,€156.45m,[]
328,2016,LaLiga,Celta de Vigo,29,26.0,15,€4.22m,€122.40m,[]
329,2016,LaLiga,Deportivo de La Coruña,37,27.2,16,€2.54m,€94.00m,[]
330,2016,LaLiga,Deportivo Alavés,30,25.8,11,€2.85m,€85.40m,['Spanish 2nd tier champion 15/16']
331,2016,LaLiga,Málaga CF,32,26.5,16,€2.63m,€84.30m,[]
332,2016,LaLiga,UD Las Palmas,33,27.2,9,€2.55m,€84.30m,[]
333,2016,LaLiga,Real Betis Balompié,28,26.8,13,€3.01m,€84.20m,[]
334,2016,LaLiga,RCD Espanyol Barcelona,29,27.8,9,€2.79m,€80.80m,[]
335,2016,LaLiga,SD Eibar,28,26.4,5,€2.43m,€67.95m,[]
336,2016,LaLiga,Granada CF,40,25.6,26,€1.66m,€66.45m,[]
337,2016,LaLiga,CD Leganés,37,26.6,11,€1.44m,€53.15m,[]
338,2016,LaLiga,Sporting Gijón,31,26.3,9,€1.51m,€46.75m,[]
339,2016,LaLiga,CA Osasuna,37,26.0,9,€1.16m,€42.90m,[]
340,2017,LaLiga,FC Barcelona,32,26.8,17,€34.19m,€1.09bn,['Spanish Cup winner  16/17']
341,2017,LaLiga,Real Madrid,32,25.0,15,€29.85m,€955.35m,"['Spanish Champion 16/17', 'Champions League Winner 16/17']"
342,2017,LaLiga,Atlético de Madrid,36,25.8,20,€19.75m,€711.15m,[]
343,2017,LaLiga,Valencia CF,30,24.7,14,€13.27m,€398.05m,[]
344,2017,LaLiga,Sevilla FC,33,27.0,20,€7.67m,€253.20m,[]
345,2017,LaLiga,Athletic Bilbao,33,26.4,1,€7.56m,€249.40m,[]
346,2017,LaLiga,Real Sociedad,29,26.8,6,€8.03m,€232.95m,[]
347,2017,LaLiga,Villarreal CF,40,25.8,15,€5.50m,€220.00m,[]
348,2017,LaLiga,Celta de Vigo,32,25.0,16,€5.41m,€173.05m,[]
349,2017,LaLiga,Real Betis Balompié,31,26.4,11,€4.27m,€132.25m,[]
350,2017,LaLiga,RCD Espanyol Barcelona,29,27.8,7,€3.37m,€97.80m,[]
351,2017,LaLiga,UD Las Palmas,38,27.4,15,€2.40m,€91.25m,[]
352,2017,LaLiga,Girona FC,30,25.8,14,€2.73m,€81.75m,[]
353,2017,LaLiga,Deportivo Alavés,33,25.6,12,€2.27m,€74.80m,[]
354,2017,LaLiga,Deportivo de La Coruña,36,27.3,18,€1.85m,€66.45m,[]
355,2017,LaLiga,Getafe CF,36,27.1,18,€1.82m,€65.60m,[]
356,2017,LaLiga,Levante UD,37,25.8,15,€1.67m,€61.85m,['Spanish 2nd tier champion 16/17']
357,2017,LaLiga,SD Eibar,33,27.4,9,€1.82m,€60.05m,[]
358,2017,LaLiga,CD Leganés,34,27.3,15,€1.72m,€58.55m,[]
359,2017,LaLiga,Málaga CF,40,26.2,17,€1.38m,€55.20m,[]
360,2018,LaLiga,FC Barcelona,39,25.2,20,€29.72m,€1.16bn,"['Spanish Cup winner  17/18', 'Spanish Champion 17/18']"
361,2018,LaLiga,Atlético de Madrid,37,24.7,17,€26.21m,€969.70m,['Europa League Winner 17/18']
362,2018,LaLiga,Real Madrid,36,25.2,16,€24.89m,€896.10m,['Champions League Winner 17/18']
363,2018,LaLiga,Valencia CF,33,25.2,17,€15.14m,€499.65m,[]
364,2018,LaLiga,Sevilla FC,38,26.6,21,€8.06m,€306.30m,[]
365,2018,LaLiga,Real Sociedad,33,24.6,8,€9.12m,€300.95m,[]
366,2018,LaLiga,Real Betis Balompié,34,25.9,15,€8.55m,€290.75m,[]
367,2018,LaLiga,Athletic Bilbao,32,27.3,3,€7.32m,€234.25m,[]
368,2018,LaLiga,Celta de Vigo,30,25.9,19,€7.80m,€234.10m,[]
369,2018,LaLiga,Villarreal CF,32,27.9,12,€7.21m,€230.65m,[]
370,2018,LaLiga,RCD Espanyol Barcelona,30,27.3,9,€5.82m,€174.70m,[]
371,2018,LaLiga,Getafe CF,28,27.7,13,€4.72m,€132.20m,[]
372,2018,LaLiga,CD Leganés,38,26.4,19,€2.96m,€112.45m,[]
373,2018,LaLiga,Deportivo Alavés,29,26.4,10,€3.82m,€110.80m,[]
374,2018,LaLiga,Levante UD,31,26.4,10,€3.48m,€107.85m,[]
375,2018,LaLiga,Girona FC,33,26.3,11,€2.95m,€97.25m,[]
376,2018,LaLiga,SD Eibar,29,28.1,8,€3.24m,€93.90m,[]
377,2018,LaLiga,Rayo Vallecano,36,26.7,13,€2.41m,€86.70m,['Spanish 2nd tier champion 17/18']
378,2018,LaLiga,Real Valladolid CF,41,25.6,8,€2.02m,€83.00m,[]
379,2018,LaLiga,SD Huesca,39,27.2,15,€1.57m,€61.40m,[]
380,2019,LaLiga,FC Barcelona,42,24.7,23,€22.15m,€930.28m,['Spanish Champion 18/19']
381,2019,LaLiga,Real Madrid,33,26.2,21,€27.69m,€913.75m,[]
382,2019,LaLiga,Atlético de Madrid,33,25.3,16,€21.82m,€720.15m,[]
383,2019,LaLiga,Valencia CF,33,25.9,17,€12.96m,€427.80m,['Spanish Cup winner  18/19']
384,2019,LaLiga,Real Sociedad,36,25.0,7,€9.65m,€347.55m,[]
385,2019,LaLiga,Sevilla FC,35,26.2,16,€8.42m,€294.75m,[]
386,2019,LaLiga,Real Betis Balompié,38,25.5,10,€6.43m,€244.35m,[]
387,2019,LaLiga,Athletic Bilbao,32,26.8,2,€6.62m,€211.75m,[]
388,2019,LaLiga,Villarreal CF,33,26.9,11,€6.32m,€208.68m,[]
389,2019,LaLiga,Getafe CF,33,28.5,17,€5.32m,€175.45m,[]
390,2019,LaLiga,Celta de Vigo,35,25.5,13,€4.77m,€167.00m,[]
391,2019,LaLiga,RCD Espanyol Barcelona,40,26.3,12,€3.90m,€156.05m,[]
392,2019,LaLiga,CD Leganés,39,25.8,16,€2.81m,€109.70m,[]
393,2019,LaLiga,Deportivo Alavés,37,26.6,11,€2.89m,€106.75m,[]
394,2019,LaLiga,Levante UD,33,27.0,8,€2.74m,€90.50m,[]
395,2019,LaLiga,Real Valladolid CF,37,26.0,9,€2.37m,€87.78m,[]
396,2019,LaLiga,RCD Mallorca,35,26.9,15,€1.85m,€64.68m,[]
397,2019,LaLiga,CA Osasuna,37,26.9,4,€1.70m,€62.78m,['Spanish 2nd tier champion 18/19']
398,2019,LaLiga,Granada CF,34,26.4,13,€1.66m,€56.58m,[]
399,2019,LaLiga,SD Eibar,29,28.8,11,€1.85m,€53.75m,[]
400,2020,LaLiga,FC Barcelona,32,25.5,20,€25.42m,€813.50m,[]
401,2020,LaLiga,Real Madrid,37,25.3,17,€21.28m,€787.30m,['Spanish Champion 19/20']
402,2020,LaLiga,Atlético de Madrid,39,25.4,21,€19.82m,€773.10m,[]
403,2020,LaLiga,Sevilla FC,38,26.2,17,€11.01m,€418.25m,['Europa League Winner 19/20']
404,2020,LaLiga,Real Sociedad,38,25.1,5,€10.70m,€406.60m,['Spanish Cup winner  19/20']
405,2020,LaLiga,Villarreal CF,36,26.4,13,€8.13m,€292.60m,[]
406,2020,LaLiga,Valencia CF,35,25.2,20,€7.97m,€278.85m,[]
407,2020,LaLiga,Real Betis Balompié,33,27.2,12,€6.29m,€207.70m,[]
408,2020,LaLiga,Athletic Bilbao,32,26.4,2,€6.38m,€204.15m,[]
409,2020,LaLiga,Getafe CF,33,25.9,19,€5.15m,€170.10m,[]
410,2020,LaLiga,Celta de Vigo,41,24.8,12,€3.80m,€155.85m,[]
411,2020,LaLiga,Granada CF,44,25.3,17,€2.79m,€122.65m,[]
412,2020,LaLiga,Levante UD,34,27.0,10,€3.32m,€113.00m,[]
413,2020,LaLiga,CA Osasuna,36,27.5,6,€2.69m,€96.75m,[]
414,2020,LaLiga,SD Eibar,34,27.5,9,€2.45m,€83.40m,[]
415,2020,LaLiga,Deportivo Alavés,35,26.1,10,€2.28m,€79.80m,[]
416,2020,LaLiga,SD Huesca,34,26.9,9,€1.89m,€64.10m,['Spanish 2nd tier champion 19/20']
417,2020,LaLiga,Real Valladolid CF,41,27.1,9,€1.55m,€63.35m,[]
418,2020,LaLiga,Cádiz CF,41,27.6,16,€1.16m,€47.65m,[]
419,2020,LaLiga,Elche CF,41,27.2,15,€1.11m,€45.65m,[]
420,2021,LaLiga,Real Madrid,36,26.3,19,€21.41m,€770.75m,[]
421,2021,LaLiga,FC Barcelona,47,25.5,24,€15.65m,€735.60m,['Spanish Cup winner  20/21']
422,2021,LaLiga,Atlético de Madrid,43,25.7,24,€15.39m,€661.80m,['Spanish Champion 20/21']
423,2021,LaLiga,Villarreal CF,39,26.5,15,€10.48m,€408.90m,['Europa League Winner 20/21']
424,2021,LaLiga,Sevilla FC,43,26.2,21,€8.95m,€385.00m,[]
425,2021,LaLiga,Real Sociedad,40,25.2,7,€9.42m,€376.95m,[]
426,2021,LaLiga,Valencia CF,44,24.1,20,€7.06m,€310.60m,[]
427,2021,LaLiga,Real Betis Balompié,38,27.9,13,€6.82m,€259.00m,[]
428,2021,LaLiga,Athletic Bilbao,31,26.2,1,€7.29m,€226.05m,[]
429,2021,LaLiga,Getafe CF,43,25.7,18,€4.85m,€208.68m,[]
430,2021,LaLiga,RCD Espanyol Barcelona,38,25.9,7,€3.46m,€131.60m,['Spanish 2nd tier champion 20/21']
431,2021,LaLiga,Celta de Vigo,34,26.0,11,€3.53m,€120.00m,[]
432,2021,LaLiga,CA Osasuna,32,27.4,3,€3.39m,€108.45m,[]
433,2021,LaLiga,Granada CF,39,26.9,16,€2.66m,€103.75m,[]
434,2021,LaLiga,Levante UD,42,26.8,12,€1.85m,€77.90m,[]
435,2021,LaLiga,RCD Mallorca,41,26.2,16,€1.81m,€74.15m,[]
436,2021,LaLiga,Elche CF,37,27.9,14,€1.97m,€72.98m,[]
437,2021,LaLiga,Cádiz CF,37,27.7,14,€1.83m,€67.80m,[]
438,2021,LaLiga,Rayo Vallecano,36,26.7,14,€1.87m,€67.20m,[]
439,2021,LaLiga,Deportivo Alavés,43,25.6,15,€1.52m,€65.35m,[]
440,2022,LaLiga,Real Madrid,36,25.9,20,€25.65m,€923.45m,"['Spanish Champion 21/22', 'Champions League Winner 21/22']"
441,2022,LaLiga,FC Barcelona,41,24.4,14,€20.41m,€836.80m,[]
442,2022,LaLiga,Atlético de Madrid,40,25.8,22,€13.36m,€534.30m,[]
443,2022,LaLiga,Real Sociedad,37,25.0,6,€11.94m,€441.70m,[]
444,2022,LaLiga,Villarreal CF,43,26.4,15,€8.45m,€363.50m,[]
445,2022,LaLiga,Valencia CF,40,24.5,18,€6.24m,€249.78m,[]
446,2022,LaLiga,Real Betis Balompié,38,27.6,13,€6.48m,€246.40m,['Spanish Cup winner  21/22']
447,2022,LaLiga,Sevilla FC,42,26.8,23,€5.54m,€232.58m,[]
448,2022,LaLiga,Athletic Bilbao,31,27.1,1,€7.18m,€222.45m,[]
449,2022,LaLiga,CA Osasuna,31,27.2,4,€4.84m,€150.05m,[]
450,2022,LaLiga,Girona FC,37,25.6,13,€3.78m,€139.90m,[]
451,2022,LaLiga,Celta de Vigo,36,25.7,12,€3.86m,€138.80m,[]
452,2022,LaLiga,Getafe CF,34,26.5,14,€3.50m,€118.90m,[]
453,2022,LaLiga,RCD Espanyol Barcelona,37,25.9,11,€3.15m,€116.50m,[]
454,2022,LaLiga,UD Almería,36,25.9,18,€3.17m,€114.20m,['Spanish 2nd tier champion 21/22']
455,2022,LaLiga,RCD Mallorca,38,26.9,19,€2.82m,€107.00m,[]
456,2022,LaLiga,Rayo Vallecano,29,28.7,10,€3.57m,€103.40m,[]
457,2022,LaLiga,Real Valladolid CF,41,26.8,18,€2.21m,€90.75m,[]
458,2022,LaLiga,Elche CF,40,27.0,17,€1.69m,€67.50m,[]
459,2022,LaLiga,Cádiz CF,47,27.3,17,€1.40m,€65.60m,[]
460,2023,LaLiga,Real Madrid,37,25.6,21,€30.68m,€1.14bn,['Spanish Cup winner  22/23']
461,2023,LaLiga,FC Barcelona,38,24.0,15,€24.11m,€916.20m,['Spanish Champion 22/23']
462,2023,LaLiga,Real Sociedad,40,25.2,10,€12.46m,€498.50m,[]
463,2023,LaLiga,Atlético de Madrid,42,26.9,23,€10.92m,€458.45m,[]
464,2023,LaLiga,Girona FC,37,25.6,15,€8.05m,€297.90m,[]
465,2023,LaLiga,Athletic Bilbao,31,27.0,2,€9.54m,€295.65m,[]
466,2023,LaLiga,Villarreal CF,39,27.2,15,€6.47m,€252.50m,[]
467,2023,LaLiga,Valencia CF,36,23.8,11,€6.80m,€244.73m,[]
468,2023,LaLiga,Sevilla FC,49,26.7,27,€4.67m,€228.75m,['Europa League Winner 22/23']
469,2023,LaLiga,Real Betis Balompié,42,27.0,21,€5.35m,€224.88m,[]
470,2023,LaLiga,Celta de Vigo,39,25.9,14,€3.83m,€149.30m,[]
471,2023,LaLiga,Granada CF,46,26.4,18,€3.07m,€141.10m,['Spanish 2nd tier champion 22/23']
472,2023,LaLiga,Getafe CF,40,25.7,18,€3.33m,€133.00m,[]
473,2023,LaLiga,Deportivo Alavés,41,24.5,15,€3.02m,€123.70m,[]
474,2023,LaLiga,UD Las Palmas,35,26.2,10,€3.21m,€112.40m,[]
475,2023,LaLiga,CA Osasuna,32,27.2,5,€3.29m,€105.35m,[]
476,2023,LaLiga,UD Almería,41,25.3,23,€2.42m,€99.40m,[]
477,2023,LaLiga,RCD Mallorca,35,26.9,14,€2.51m,€87.70m,[]
478,2023,LaLiga,Rayo Vallecano,30,28.9,12,€2.13m,€63.95m,[]
479,2023,LaLiga,Cádiz CF,44,27.0,15,€1.38m,€60.70m,[]
480,2024,LaLiga,Real Madrid,23,27.0,17,€59.10m,€1.36bn,"['Spanish Champion 23/24', 'Champions League Winner 23/24']"
481,2024,LaLiga,FC Barcelona,28,24.3,8,€33.79m,€946.00m,[]
482,2024,LaLiga,Atlético de Madrid,25,28.6,17,€20.44m,€511.00m,[]
483,2024,LaLiga,Real Sociedad,28,25.2,9,€15.85m,€443.70m,[]
484,2024,LaLiga,Athletic Bilbao,26,27.2,2,€13.03m,€338.70m,['Spanish Cup winner  23/24']
485,2024,LaLiga,Valencia CF,25,25.7,8,€10.12m,€253.00m,[]
486,2024,LaLiga,Villarreal CF,24,27.5,10,€9.61m,€230.70m,[]
487,2024,LaLiga,Girona FC,24,27.9,12,€9.02m,€216.50m,[]
488,2024,LaLiga,Real Betis Balompié,25,28.5,12,€7.70m,€192.40m,[]
489,2024,LaLiga,Sevilla FC,26,26.2,14,€6.70m,€174.10m,[]
490,2024,LaLiga,UD Las Palmas,28,27.6,9,€4.02m,€112.60m,[]
491,2024,LaLiga,CA Osasuna,25,27.8,2,€4.50m,€112.40m,[]
492,2024,LaLiga,RCD Mallorca,26,28.1,11,€3.45m,€89.70m,[]
493,2024,LaLiga,Deportivo Alavés,24,26.5,10,€3.65m,€87.70m,[]
494,2024,LaLiga,Celta de Vigo,27,27.0,11,€3.21m,€86.60m,[]
495,2024,LaLiga,RCD Espanyol Barcelona,26,26.6,9,€3.05m,€79.30m,[]
496,2024,LaLiga,Getafe CF,24,26.5,13,€3.08m,€74.00m,[]
497,2024,LaLiga,Rayo Vallecano,26,29.7,10,€2.74m,€71.30m,[]
498,2024,LaLiga,CD Leganés,25,27.3,11,€2.25m,€56.33m,['Spanish 2nd tier champion 23/24']
499,2024,LaLiga,Real Valladolid CF,25,26.6,14,€1.77m,€44.20m,[]
