,year,country,league,tier,team,position,squad_depth,avg_age,foreigners,avg_market_value,market_value,has_relegated,has_promoted,has_won_titles,will_promote,will_relegate
944,2005,ES,LaLiga,1,FC Barcelona,1.0,34,25.4,16,9630000,327500000,False,False,True,False,False
945,2005,ES,LaLiga,1,Real Madrid,2.0,36,25.4,13,7820000,281600000,False,False,False,False,False
946,2005,ES,LaLiga,1,Valencia CF,3.0,34,27.3,14,6280000,213550000,False,False,False,False,False
958,2005,ES,LaLiga,1,CA Osasuna,4.0,25,26.6,7,1630000,40700000,False,False,False,False,False
949,2005,ES,LaLiga,1,Sevilla FC,5.0,34,26.0,10,2850000,96850000,False,False,False,False,False
955,2005,ES,LaLiga,1,Celta de Vigo,6.0,27,26.7,13,1790000,48300000,True,False,False,False,False
951,2005,ES,LaLiga,1,Villarreal CF,7.0,32,25.9,13,2560000,82000000,False,False,False,False,False
948,2005,ES,LaLiga,1,Deportivo de La Coruña,8.0,34,27.5,8,3940000,133800000,False,False,False,False,False
959,2005,ES,LaLiga,1,Getafe CF,9.0,26,27.4,6,1400000,36380000,False,False,False,False,False
947,2005,ES,LaLiga,1,Atlético de Madrid,10.0,31,24.2,8,4330000,134150000,False,False,False,False,False
952,2005,ES,LaLiga,1,Real Zaragoza,11.0,25,27.7,7,2660000,66550000,False,False,False,False,False
956,2005,ES,LaLiga,1,Athletic Bilbao,12.0,41,25.2,1,1150000,47230000,False,False,False,False,False
957,2005,ES,LaLiga,1,RCD Mallorca,13.0,31,26.1,15,1360000,42150000,False,False,False,False,False
950,2005,ES,LaLiga,1,Real Betis Balompié,14.0,33,26.2,8,2600000,85950000,False,False,True,False,False
953,2005,ES,LaLiga,1,RCD Espanyol Barcelona,15.0,31,25.5,9,1900000,58980000,False,False,False,False,False
954,2005,ES,LaLiga,1,Real Sociedad,16.0,31,25.9,7,1740000,53830000,False,False,False,False,False
961,2005,ES,LaLiga,1,Racing Santander,17.0,34,25.4,8,893000,30350000,False,False,False,False,False
960,2005,ES,LaLiga,1,Deportivo Alavés,18.0,31,28.2,17,1120000,34830000,True,False,False,False,True
963,2005,ES,LaLiga,1,Cádiz CF,19.0,28,28.8,13,791000,22150000,True,False,True,False,True
962,2005,ES,LaLiga,1,Málaga CF,20.0,33,26.0,9,849000,28030000,False,False,False,False,True
1373,2005,ES,LaLiga2,2,Recreativo Huelva,1.0,30,26.7,5,198000,5950000,False,False,False,True,False
1382,2005,ES,LaLiga2,2,Gimnàstic de Tarragona,2.0,30,28.2,2,85000,2550000,False,False,False,True,False
1367,2005,ES,LaLiga2,2,Levante UD,3.0,27,28.4,10,700000,18900000,False,True,False,True,False
1377,2005,ES,LaLiga2,2,Ciudad de Murcia,4.0,32,26.2,8,128000,4099999,False,False,False,False,False
1379,2005,ES,LaLiga2,2,Lorca Deportiva CF,5.0,26,28.7,3,117000,3050000,False,True,False,False,False
1371,2005,ES,LaLiga2,2,UD Almería,6.0,30,27.3,5,262000,7850000,False,False,False,False,False
1378,2005,ES,LaLiga2,2,Xerez CD,7.0,27,27.4,3,118000,3180000,False,False,False,False,False
1369,2005,ES,LaLiga2,2,CD Numancia,8.0,44,28.0,7,315000,13880000,False,True,False,False,False
1385,2005,ES,LaLiga2,2,Sporting Gijón,9.0,34,24.5,3,35000,1200000,False,False,False,False,False
1366,2005,ES,LaLiga2,2,Real Valladolid CF,10.0,31,26.1,6,696000,21580000,False,False,False,False,False
1370,2005,ES,LaLiga2,2,Real Madrid Castilla,11.0,26,22.0,2,523000,13600000,False,True,False,False,False
1383,2005,ES,LaLiga2,2,CD Castellón,12.0,35,27.3,4,41000,1450000,False,True,False,False,False
1368,2005,ES,LaLiga2,2,Albacete Balompié,13.0,33,26.6,2,565000,18640000,False,True,False,False,False
1374,2005,ES,LaLiga2,2,Elche CF,14.0,30,27.1,4,198000,5950000,False,False,False,False,False
1386,2005,ES,LaLiga2,2,Polideportivo Ejido,15.0,28,27.4,4,36000,1000000,False,False,False,False,False
1372,2005,ES,LaLiga2,2,Real Murcia CF,16.0,33,26.8,12,191000,6300000,False,False,False,False,False
1376,2005,ES,LaLiga2,2,Hércules CF,17.0,32,28.2,3,154000,4930000,False,True,False,False,False
1375,2005,ES,LaLiga2,2,CD Tenerife,18.0,31,25.5,11,161000,5000000,False,False,False,False,False
1380,2005,ES,LaLiga2,2,UE Lleida,19.0,29,26.3,3,103000,3000000,False,False,False,False,True
1381,2005,ES,LaLiga2,2,Racing Ferrol,20.0,31,27.4,10,95000,2950000,False,False,False,False,True
1387,2005,ES,LaLiga2,2,Málaga CF B,21.0,27,22.1,6,29000,775000,False,False,False,False,True
1384,2005,ES,LaLiga2,2,SD Eibar,22.0,34,26.1,2,42000,1430000,False,False,False,False,True
964,2006,ES,LaLiga,1,Real Madrid,1.0,39,25.3,15,9540000,372200000,False,False,False,False,False
965,2006,ES,LaLiga,1,FC Barcelona,2.0,32,26.4,18,11450000,366500000,False,False,True,False,False
968,2006,ES,LaLiga,1,Sevilla FC,3.0,30,26.5,14,4660000,139800000,False,False,True,False,False
966,2006,ES,LaLiga,1,Valencia CF,4.0,33,26.5,9,7050000,232700000,False,False,False,False,False
970,2006,ES,LaLiga,1,Villarreal CF,5.0,33,27.0,16,3300000,109050000,False,False,False,False,False
969,2006,ES,LaLiga,1,Real Zaragoza,6.0,26,27.1,8,4660000,121250000,False,False,False,False,False
967,2006,ES,LaLiga,1,Atlético de Madrid,7.0,34,24.9,13,5120000,174000000,False,False,False,False,False
981,2006,ES,LaLiga,1,Recreativo Huelva,8.0,28,27.1,6,1500000,41900000,True,False,True,False,False
982,2006,ES,LaLiga,1,Getafe CF,9.0,25,28.0,7,1600000,40050000,False,False,False,False,False
979,2006,ES,LaLiga,1,Racing Santander,10.0,34,25.9,7,1450000,49300000,False,False,False,False,False
975,2006,ES,LaLiga,1,RCD Mallorca,11.0,24,27.0,11,2300000,55300000,False,False,False,False,False
974,2006,ES,LaLiga,1,RCD Espanyol Barcelona,12.0,34,25.2,9,1830000,62150000,False,False,True,False,False
971,2006,ES,LaLiga,1,Deportivo de La Coruña,13.0,33,25.3,10,3000000,98850000,False,False,False,False,False
973,2006,ES,LaLiga,1,CA Osasuna,14.0,34,25.2,7,2100000,71350000,False,False,False,False,False
978,2006,ES,LaLiga,1,Levante UD,15.0,30,29.9,17,1790000,53750000,True,False,False,False,False
972,2006,ES,LaLiga,1,Real Betis Balompié,16.0,34,27.1,12,2320000,78930000,False,False,False,False,False
976,2006,ES,LaLiga,1,Athletic Bilbao,17.0,30,26.3,1,1830000,54900000,False,False,False,False,False
977,2006,ES,LaLiga,1,Celta de Vigo,18.0,32,26.5,16,1710000,54880000,False,False,False,False,True
980,2006,ES,LaLiga,1,Real Sociedad,19.0,32,26.6,10,1410000,45200000,False,False,False,False,True
983,2006,ES,LaLiga,1,Gimnàstic de Tarragona,20.0,34,29.3,10,831000,28250000,True,False,False,False,True
1392,2006,ES,LaLiga2,2,Real Valladolid CF,1.0,30,26.6,6,481000,14430000,False,False,False,True,False
1394,2006,ES,LaLiga2,2,UD Almería,2.0,26,27.4,4,478000,12430000,False,False,False,True,False
1396,2006,ES,LaLiga2,2,Real Murcia CF,3.0,30,27.5,6,342000,10250000,False,False,False,True,False
1403,2006,ES,LaLiga2,2,Ciudad de Murcia,4.0,34,26.2,5,138000,4700000,False,False,False,False,True
1391,2006,ES,LaLiga2,2,Cádiz CF,5.0,30,27.5,7,521000,15630000,False,True,False,False,False
1395,2006,ES,LaLiga2,2,Albacete Balompié,6.0,36,26.0,4,329000,11850000,False,False,False,False,False
1399,2006,ES,LaLiga2,2,CD Tenerife,7.0,31,25.4,4,166000,5150000,False,False,False,False,False
1398,2006,ES,LaLiga2,2,CD Numancia,8.0,28,27.9,6,228000,6380000,False,False,False,False,False
1405,2006,ES,LaLiga2,2,Xerez CD,9.0,33,26.3,4,97000,3200000,False,False,False,False,False
1400,2006,ES,LaLiga2,2,Elche CF,10.0,33,26.4,10,149000,4930000,False,False,False,False,False
1407,2006,ES,LaLiga2,2,Polideportivo Ejido,11.0,27,26.4,4,93000,2500000,False,False,False,False,False
1397,2006,ES,LaLiga2,2,UD Salamanca,12.0,26,26.1,5,261000,6780000,False,True,False,False,False
1409,2006,ES,LaLiga2,2,Sporting Gijón,13.0,30,23.8,1,53000,1580000,False,False,False,False,False
1402,2006,ES,LaLiga2,2,CD Castellón,14.0,32,26.4,5,148000,4750000,False,False,False,False,False
1389,2006,ES,LaLiga2,2,Málaga CF,15.0,38,25.7,8,544000,20690000,False,True,False,False,False
1393,2006,ES,LaLiga2,2,Hércules CF,16.0,32,27.7,10,402000,12850000,False,False,False,False,False
1388,2006,ES,LaLiga2,2,Deportivo Alavés,17.0,34,27.1,15,664000,22580000,False,True,False,False,False
1406,2006,ES,LaLiga2,2,UD Las Palmas,18.0,32,26.2,5,92000,2950000,False,True,False,False,False
1390,2006,ES,LaLiga2,2,Real Madrid Castilla,19.0,36,21.2,2,475000,17100000,False,False,False,False,True
1408,2006,ES,LaLiga2,2,SD Ponferradina,20.0,28,27.8,6,88000,2450000,False,True,False,False,True
1401,2006,ES,LaLiga2,2,Lorca Deportiva CF,21.0,34,27.3,5,145000,4930000,False,False,False,False,True
1404,2006,ES,LaLiga2,2,UD Vecindario,22.0,38,27.3,10,93000,3550000,False,True,False,False,True
985,2007,ES,LaLiga,1,Real Madrid,1.0,26,26.4,17,13680000,355800000,False,False,True,False,False
989,2007,ES,LaLiga,1,Villarreal CF,2.0,30,26.8,15,4980000,149300000,False,False,False,False,False
984,2007,ES,LaLiga,1,FC Barcelona,3.0,34,26.2,15,12170000,413700000,False,False,False,False,False
987,2007,ES,LaLiga,1,Atlético de Madrid,4.0,37,25.8,16,5720000,211700000,False,False,False,False,False
988,2007,ES,LaLiga,1,Sevilla FC,5.0,35,26.3,20,5700000,199400000,False,False,True,False,False
996,2007,ES,LaLiga,1,Racing Santander,6.0,33,25.5,10,2230000,73700000,False,False,False,False,False
994,2007,ES,LaLiga,1,RCD Mallorca,7.0,29,26.2,12,2740000,79600000,False,False,False,False,False
999,2007,ES,LaLiga,1,UD Almería,8.0,26,26.4,9,2180000,56700000,True,False,False,False,False
997,2007,ES,LaLiga,1,Deportivo de La Coruña,9.0,33,25.8,9,2180000,72100000,False,False,False,False,False
986,2007,ES,LaLiga,1,Valencia CF,10.0,30,26.7,10,7880000,236500000,False,False,False,False,False
995,2007,ES,LaLiga,1,Athletic Bilbao,11.0,32,26.7,1,2340000,75000000,False,False,False,False,False
990,2007,ES,LaLiga,1,RCD Espanyol Barcelona,12.0,30,26.1,10,4019999,120500000,False,False,False,False,False
993,2007,ES,LaLiga,1,Real Betis Balompié,13.0,32,26.3,11,2530000,81100000,False,False,False,False,False
998,2007,ES,LaLiga,1,Getafe CF,14.0,32,26.0,9,2150000,68900000,False,False,False,False,False
1002,2007,ES,LaLiga,1,Real Valladolid CF,15.0,30,27.8,6,1590000,47650000,True,False,True,False,False
1000,2007,ES,LaLiga,1,Recreativo Huelva,16.0,29,27.4,12,1920000,55600000,False,False,False,False,False
992,2007,ES,LaLiga,1,CA Osasuna,17.0,31,25.8,9,2640000,81900000,False,False,False,False,False
991,2007,ES,LaLiga,1,Real Zaragoza,18.0,32,26.6,8,3750000,119900000,False,False,False,False,True
1001,2007,ES,LaLiga,1,Real Murcia CF,19.0,29,27.8,9,1730000,50100000,True,False,False,False,True
1003,2007,ES,LaLiga,1,Levante UD,20.0,37,27.7,15,1120000,41500000,False,False,False,False,True
1413,2007,ES,LaLiga2,2,CD Numancia,1.0,28,27.7,3,982000,27500000,False,False,False,True,False
1412,2007,ES,LaLiga2,2,Málaga CF,2.0,30,27.3,8,1020000,30500000,False,False,False,True,False
1417,2007,ES,LaLiga2,2,Sporting Gijón,3.0,31,25.3,2,613000,19000000,False,False,False,True,False
1411,2007,ES,LaLiga2,2,Real Sociedad,4.0,32,25.2,6,1280000,40800000,False,True,False,False,False
1429,2007,ES,LaLiga2,2,CD Castellón,5.0,27,26.7,4,481000,13000000,False,False,False,False,False
1423,2007,ES,LaLiga2,2,Hércules CF,6.0,36,28.0,7,467000,16800000,False,False,False,False,False
1425,2007,ES,LaLiga2,2,UD Salamanca,7.0,30,25.2,5,510000,15300000,False,False,False,False,False
1428,2007,ES,LaLiga2,2,UD Las Palmas,8.0,34,26.4,6,409000,13900000,False,False,False,False,False
1414,2007,ES,LaLiga2,2,Sevilla Atlético,9.0,36,22.3,6,761000,27400000,False,True,False,False,False
1419,2007,ES,LaLiga2,2,Elche CF,10.0,34,26.4,10,535000,18200000,False,False,False,False,False
1421,2007,ES,LaLiga2,2,CD Tenerife,11.0,26,26.4,1,658000,17100000,False,False,False,False,False
1418,2007,ES,LaLiga2,2,Albacete Balompié,12.0,37,26.1,9,503000,18600000,False,False,False,False,False
1431,2007,ES,LaLiga2,2,SD Eibar,13.0,25,27.5,2,476000,11900000,False,True,False,False,False
1422,2007,ES,LaLiga2,2,Gimnàstic de Tarragona,14.0,31,27.7,6,545000,16900000,False,True,False,False,False
1420,2007,ES,LaLiga2,2,Xerez CD,15.0,29,27.7,4,607000,17600000,False,False,False,False,False
1410,2007,ES,LaLiga2,2,Celta de Vigo,16.0,40,25.7,12,1200000,47900000,False,True,False,False,False
1416,2007,ES,LaLiga2,2,Deportivo Alavés,17.0,31,26.7,6,768000,23800000,False,False,False,False,False
1426,2007,ES,LaLiga2,2,Córdoba CF,18.0,26,29.2,4,573000,14900000,False,True,False,False,False
1430,2007,ES,LaLiga2,2,Racing Ferrol,19.0,33,25.9,13,382000,12600000,False,True,False,False,True
1415,2007,ES,LaLiga2,2,Cádiz CF,20.0,34,28.0,13,804000,27330000,False,False,False,False,True
1424,2007,ES,LaLiga2,2,Granada 74 CF,21.0,33,27.3,4,467000,15400000,False,True,False,False,True
1427,2007,ES,LaLiga2,2,Polideportivo Ejido,22.0,30,27.0,4,468000,14050000,False,False,False,False,True
1005,2008,ES,LaLiga,1,FC Barcelona,1.0,34,25.3,14,12510000,425400000,False,False,False,False,False
1004,2008,ES,LaLiga,1,Real Madrid,2.0,36,26.0,20,11910000,428600000,False,False,True,False,False
1008,2008,ES,LaLiga,1,Sevilla FC,3.0,35,25.9,20,5790000,202700000,False,False,False,False,False
1007,2008,ES,LaLiga,1,Atlético de Madrid,4.0,29,26.1,15,7630000,221400000,False,False,False,False,False
1009,2008,ES,LaLiga,1,Villarreal CF,5.0,31,26.9,14,5480000,170000000,False,False,False,False,False
1006,2008,ES,LaLiga,1,Valencia CF,6.0,35,26.7,10,6500000,227500000,False,False,True,False,False
1015,2008,ES,LaLiga,1,Deportivo de La Coruña,7.0,34,26.4,10,2270000,77300000,False,False,False,False,False
1019,2008,ES,LaLiga,1,Málaga CF,8.0,27,28.0,8,2000000,54000000,True,False,False,False,False
1017,2008,ES,LaLiga,1,RCD Mallorca,9.0,27,26.3,10,2550000,68900000,False,False,False,False,False
1011,2008,ES,LaLiga,1,RCD Espanyol Barcelona,10.0,31,26.2,10,3070000,95300000,False,False,False,False,False
1013,2008,ES,LaLiga,1,UD Almería,11.0,25,26.4,10,3200000,80000000,False,False,False,False,False
1012,2008,ES,LaLiga,1,Racing Santander,12.0,35,25.9,10,2440000,85500000,False,False,False,False,False
1014,2008,ES,LaLiga,1,Athletic Bilbao,13.0,32,26.3,1,2430000,77600000,False,False,False,False,False
1023,2008,ES,LaLiga,1,Sporting Gijón,14.0,31,26.6,2,1170000,36300000,True,False,False,False,False
1018,2008,ES,LaLiga,1,CA Osasuna,15.0,31,26.9,10,2160000,67099999,False,False,False,False,False
1021,2008,ES,LaLiga,1,Real Valladolid CF,16.0,27,28.1,8,1810000,48800000,False,False,False,False,False
1016,2008,ES,LaLiga,1,Getafe CF,17.0,28,27.2,13,2660000,74500000,False,False,False,False,False
1010,2008,ES,LaLiga,1,Real Betis Balompié,18.0,33,27.1,13,3600000,118700000,False,False,False,False,True
1022,2008,ES,LaLiga,1,CD Numancia,19.0,32,27.3,2,1190000,38100000,True,False,True,False,True
1020,2008,ES,LaLiga,1,Recreativo Huelva,20.0,31,26.5,9,1610000,49900000,False,False,False,False,True
1437,2008,ES,LaLiga2,2,Xerez CD,1.0,28,27.0,7,707000,19800000,False,False,False,True,False
1432,2008,ES,LaLiga2,2,Real Zaragoza,2.0,36,25.8,11,1840000,66099999,False,True,False,True,False
1440,2008,ES,LaLiga2,2,CD Tenerife,3.0,29,26.5,3,634000,18400000,False,False,False,True,False
1436,2008,ES,LaLiga2,2,Hércules CF,4.0,28,27.9,3,757000,21200000,False,False,False,False,False
1446,2008,ES,LaLiga2,2,Rayo Vallecano,5.0,29,27.7,1,555000,16100000,False,True,False,False,False
1433,2008,ES,LaLiga2,2,Real Sociedad,6.0,33,24.8,7,1100000,36300000,False,False,False,False,False
1443,2008,ES,LaLiga2,2,CD Castellón,7.0,29,27.0,5,579000,16800000,False,False,False,False,False
1441,2008,ES,LaLiga2,2,Levante UD,8.0,30,25.8,2,580000,17400000,False,True,False,False,False
1445,2008,ES,LaLiga2,2,UD Salamanca,9.0,28,26.1,7,579000,16200000,False,False,False,False,False
1444,2008,ES,LaLiga2,2,Gimnàstic de Tarragona,10.0,33,26.8,7,500000,16500000,False,False,False,False,False
1452,2008,ES,LaLiga2,2,SD Huesca,11.0,28,27.1,2,443000,12400000,False,True,False,False,False
1439,2008,ES,LaLiga2,2,Elche CF,12.0,28,25.5,8,679000,19000000,False,False,False,False,False
1447,2008,ES,LaLiga2,2,Córdoba CF,13.0,29,28.3,4,547000,15850000,False,False,False,False,False
1434,2008,ES,LaLiga2,2,Real Murcia CF,14.0,36,25.9,9,775000,27900000,False,True,False,False,False
1442,2008,ES,LaLiga2,2,Albacete Balompié,15.0,32,24.6,4,541000,17300000,False,False,False,False,False
1450,2008,ES,LaLiga2,2,Girona FC,16.0,31,27.4,4,455000,14100000,False,True,False,False,False
1435,2008,ES,LaLiga2,2,Celta de Vigo,17.0,31,26.1,10,787000,24400000,False,False,False,False,False
1449,2008,ES,LaLiga2,2,UD Las Palmas,18.0,32,25.4,4,472000,15100000,False,False,False,False,False
1438,2008,ES,LaLiga2,2,Deportivo Alavés,19.0,33,26.8,5,579000,19100000,False,False,False,False,True
1453,2008,ES,LaLiga2,2,Alicante CF,20.0,33,28.0,0,294000,9700000,False,True,False,False,True
1448,2008,ES,LaLiga2,2,SD Eibar,21.0,37,26.7,3,416000,15400000,False,False,False,False,True
1451,2008,ES,LaLiga2,2,Sevilla Atlético,22.0,38,22.0,9,366000,13900000,False,False,False,False,True
1024,2009,ES,LaLiga,1,FC Barcelona,1.0,31,25.6,15,16629999,515400000,False,False,True,False,False
1025,2009,ES,LaLiga,1,Real Madrid,2.0,32,25.7,16,14120000,451700000,False,False,False,False,False
1026,2009,ES,LaLiga,1,Valencia CF,3.0,34,26.2,10,7060000,240000000,False,False,False,False,False
1027,2009,ES,LaLiga,1,Sevilla FC,4.0,36,26.0,18,6060000,218300000,False,False,False,False,False
1036,2009,ES,LaLiga,1,RCD Mallorca,5.0,28,26.9,11,2330000,65099999,False,False,False,False,False
1032,2009,ES,LaLiga,1,Getafe CF,6.0,29,26.9,9,2670000,77300000,False,False,False,False,False
1029,2009,ES,LaLiga,1,Villarreal CF,7.0,31,27.0,13,5280000,163700000,False,False,False,False,False
1030,2009,ES,LaLiga,1,Athletic Bilbao,8.0,36,25.7,1,2800000,100800000,False,False,False,False,False
1028,2009,ES,LaLiga,1,Atlético de Madrid,9.0,37,24.6,16,5700000,210800000,False,False,False,False,False
1033,2009,ES,LaLiga,1,Deportivo de La Coruña,10.0,31,26.4,8,2450000,75900000,False,False,False,False,False
1034,2009,ES,LaLiga,1,RCD Espanyol Barcelona,11.0,34,25.2,13,2089999,71000000,False,False,False,False,False
1038,2009,ES,LaLiga,1,CA Osasuna,12.0,27,27.8,7,2220000,60000000,False,False,False,False,False
1037,2009,ES,LaLiga,1,UD Almería,13.0,25,26.9,13,2550000,63700000,False,False,False,False,False
1031,2009,ES,LaLiga,1,Real Zaragoza,14.0,38,26.8,18,2300000,87250000,True,False,False,False,False
1040,2009,ES,LaLiga,1,Sporting Gijón,15.0,35,25.9,3,1580000,55200000,False,False,False,False,False
1035,2009,ES,LaLiga,1,Racing Santander,16.0,33,25.9,8,1980000,65500000,False,False,False,False,False
1039,2009,ES,LaLiga,1,Málaga CF,17.0,37,25.8,13,1580000,58600000,False,False,False,False,False
1041,2009,ES,LaLiga,1,Real Valladolid CF,18.0,34,25.9,8,1490000,50500000,False,False,False,False,True
1042,2009,ES,LaLiga,1,CD Tenerife,19.0,24,27.4,4,1420000,34000000,True,False,False,False,True
1043,2009,ES,LaLiga,1,Xerez CD,20.0,28,27.4,8,1160000,32500000,True,False,True,False,True
1455,2009,ES,LaLiga2,2,Real Sociedad,1.0,31,25.0,7,1190000,36900000,False,False,False,True,False
1456,2009,ES,LaLiga2,2,Hércules CF,2.0,27,28.7,4,1040000,28000000,False,False,False,True,False
1463,2009,ES,LaLiga2,2,Levante UD,3.0,28,27.7,1,654000,18300000,False,False,False,True,False
1454,2009,ES,LaLiga2,2,Real Betis Balompié,4.0,32,27.4,9,2000000,64150000,False,True,False,False,False
1466,2009,ES,LaLiga2,2,FC Cartagena,5.0,31,27.7,5,545000,16900000,False,True,False,False,False
1460,2009,ES,LaLiga2,2,Elche CF,6.0,33,25.9,7,597000,19700000,False,False,False,False,False
1464,2009,ES,LaLiga2,2,Villarreal CF B,7.0,36,22.2,9,508000,18300000,False,True,False,False,False
1457,2009,ES,LaLiga2,2,CD Numancia,8.0,31,27.2,1,747000,23150000,False,True,False,False,False
1459,2009,ES,LaLiga2,2,Recreativo Huelva,9.0,31,25.5,4,713000,22100000,False,True,False,False,False
1470,2009,ES,LaLiga2,2,Córdoba CF,10.0,31,27.1,7,432000,13400000,False,False,False,False,False
1462,2009,ES,LaLiga2,2,Rayo Vallecano,11.0,35,26.5,2,537000,18800000,False,False,False,False,False
1458,2009,ES,LaLiga2,2,Celta de Vigo,12.0,38,24.7,9,603000,22900000,False,False,False,False,False
1475,2009,ES,LaLiga2,2,SD Huesca,13.0,31,27.6,5,363000,11250000,False,False,False,False,False
1468,2009,ES,LaLiga2,2,Girona FC,14.0,34,27.3,4,421000,14300000,False,False,False,False,False
1469,2009,ES,LaLiga2,2,Albacete Balompié,15.0,36,26.8,5,381000,13700000,False,False,False,False,False
1471,2009,ES,LaLiga2,2,UD Salamanca,16.0,29,26.1,6,431000,12500000,False,False,False,False,False
1465,2009,ES,LaLiga2,2,UD Las Palmas,17.0,27,28.1,6,652000,17600000,False,False,False,False,False
1467,2009,ES,LaLiga2,2,Gimnàstic de Tarragona,18.0,32,26.8,6,516000,16500000,False,False,False,False,False
1472,2009,ES,LaLiga2,2,Cádiz CF,19.0,27,27.4,9,463000,12500000,False,True,False,False,True
1461,2009,ES,LaLiga2,2,Real Murcia CF,20.0,27,27.6,2,700000,18900000,False,False,False,False,True
1473,2009,ES,LaLiga2,2,Real Unión Club,21.0,30,28.3,3,383000,11500000,False,True,False,False,True
1474,2009,ES,LaLiga2,2,CD Castellón,22.0,35,26.2,8,329000,11500000,False,False,False,False,True
1044,2010,ES,LaLiga,1,FC Barcelona,1.0,35,25.1,12,17280000,604700000,False,False,True,False,False
1045,2010,ES,LaLiga,1,Real Madrid,2.0,38,24.7,16,13660000,519000000,False,False,False,False,False
1047,2010,ES,LaLiga,1,Valencia CF,3.0,32,26.9,13,5520000,176600000,False,False,False,False,False
1049,2010,ES,LaLiga,1,Villarreal CF,4.0,34,25.8,13,5020000,170600000,False,False,False,False,False
1048,2010,ES,LaLiga,1,Sevilla FC,5.0,36,26.1,20,4880000,175600000,False,False,True,False,False
1050,2010,ES,LaLiga,1,Athletic Bilbao,6.0,30,25.6,1,3730000,112000000,False,False,False,False,False
1046,2010,ES,LaLiga,1,Atlético de Madrid,7.0,31,25.4,10,6030000,187000000,False,False,True,False,False
1051,2010,ES,LaLiga,1,RCD Espanyol Barcelona,8.0,35,24.6,12,2240000,78400000,False,False,False,False,False
1058,2010,ES,LaLiga,1,CA Osasuna,9.0,29,28.5,6,2000000,57900000,False,False,False,False,False
1061,2010,ES,LaLiga,1,Sporting Gijón,10.0,33,26.3,5,1620000,53400000,False,False,False,False,False
1053,2010,ES,LaLiga,1,Málaga CF,11.0,37,26.9,18,1920000,71050000,False,False,False,False,False
1057,2010,ES,LaLiga,1,Racing Santander,12.0,30,26.4,12,1980000,59300000,False,False,False,False,False
1059,2010,ES,LaLiga,1,Real Zaragoza,13.0,30,26.6,16,1900000,57000000,False,False,False,False,False
1063,2010,ES,LaLiga,1,Levante UD,14.0,33,27.2,7,1130000,37400000,True,False,False,False,False
1054,2010,ES,LaLiga,1,Real Sociedad,15.0,26,26.3,6,2570000,66700000,True,False,True,False,False
1055,2010,ES,LaLiga,1,Getafe CF,16.0,29,25.8,7,2290000,66400000,False,False,False,False,False
1060,2010,ES,LaLiga,1,RCD Mallorca,17.0,28,26.0,12,1920000,53700000,False,False,False,False,False
1056,2010,ES,LaLiga,1,Deportivo de La Coruña,18.0,33,27.0,10,1930000,63700000,False,False,False,False,True
1062,2010,ES,LaLiga,1,Hércules CF,19.0,32,27.3,12,1620000,51700000,True,False,False,False,True
1052,2010,ES,LaLiga,1,UD Almería,20.0,30,26.2,16,2450000,73600000,False,False,False,False,True
1476,2010,ES,LaLiga2,2,Real Betis Balompié,1.0,36,25.8,8,1200000,43100000,False,False,False,True,False
1480,2010,ES,LaLiga2,2,Rayo Vallecano,2.0,31,26.3,5,790000,24500000,False,False,False,True,False
1477,2010,ES,LaLiga2,2,FC Barcelona B,3.0,36,21.1,4,1020000,36600000,False,True,False,False,False
1485,2010,ES,LaLiga2,2,Elche CF,4.0,30,26.9,5,663000,19900000,False,False,False,False,False
1486,2010,ES,LaLiga2,2,Granada CF,5.0,29,26.3,7,648000,18800000,False,True,False,True,False
1482,2010,ES,LaLiga2,2,Celta de Vigo,6.0,30,25.5,3,730000,21900000,False,False,False,False,False
1478,2010,ES,LaLiga2,2,Real Valladolid CF,7.0,37,26.0,6,854000,31600000,False,True,False,False,False
1489,2010,ES,LaLiga2,2,Xerez CD,8.0,29,28.5,2,548000,15900000,False,True,False,False,False
1497,2010,ES,LaLiga2,2,AD Alcorcón,9.0,24,29.4,2,354000,8500000,False,True,False,False,False
1483,2010,ES,LaLiga2,2,CD Numancia,10.0,29,27.4,3,707000,20500000,False,False,False,False,False
1493,2010,ES,LaLiga2,2,Girona FC,11.0,26,28.1,3,481000,12500000,False,False,False,False,False
1488,2010,ES,LaLiga2,2,Recreativo Huelva,12.0,32,26.3,3,506000,16200000,False,False,False,False,False
1484,2010,ES,LaLiga2,2,FC Cartagena,13.0,33,27.0,5,618000,20400000,False,False,False,False,False
1494,2010,ES,LaLiga2,2,SD Huesca,14.0,29,28.0,2,390000,11300000,False,False,False,False,False
1491,2010,ES,LaLiga2,2,UD Las Palmas,15.0,32,26.8,7,475000,15200000,False,False,False,False,False
1487,2010,ES,LaLiga2,2,Córdoba CF,16.0,29,26.9,2,562000,16300000,False,False,False,False,False
1481,2010,ES,LaLiga2,2,Villarreal CF B,17.0,39,22.0,11,613000,23900000,False,False,False,False,False
1492,2010,ES,LaLiga2,2,Gimnàstic de Tarragona,18.0,35,26.8,3,414000,14500000,False,False,False,False,False
1495,2010,ES,LaLiga2,2,UD Salamanca,19.0,27,26.2,2,400000,10800000,False,False,False,False,True
1479,2010,ES,LaLiga2,2,CD Tenerife,20.0,32,26.4,8,803000,25700000,False,True,False,False,True
1496,2010,ES,LaLiga2,2,SD Ponferradina,21.0,31,28.7,2,339000,10500000,False,True,False,False,True
1490,2010,ES,LaLiga2,2,Albacete Balompié,22.0,40,26.4,10,385000,15400000,False,False,False,False,True
1065,2011,ES,LaLiga,1,Real Madrid,1.0,33,25.2,16,16340000,539200000,False,False,True,False,False
1064,2011,ES,LaLiga,1,FC Barcelona,2.0,35,25.3,11,17660000,618200000,False,False,True,False,False
1067,2011,ES,LaLiga,1,Valencia CF,3.0,28,26.0,13,6460000,181000000,False,False,False,False,False
1071,2011,ES,LaLiga,1,Málaga CF,4.0,32,27.4,18,3790000,121300000,False,False,False,False,False
1066,2011,ES,LaLiga,1,Atlético de Madrid,5.0,37,24.9,17,5680000,210000000,False,False,False,False,False
1083,2011,ES,LaLiga,1,Levante UD,6.0,34,27.9,9,1180000,40250000,False,False,False,False,False
1081,2011,ES,LaLiga,1,CA Osasuna,7.0,32,27.5,8,1390000,44400000,False,False,False,False,False
1075,2011,ES,LaLiga,1,RCD Mallorca,8.0,32,25.2,13,1940000,62200000,False,False,False,False,False
1070,2011,ES,LaLiga,1,Sevilla FC,9.0,34,25.6,14,3910000,133000000,False,False,False,False,False
1068,2011,ES,LaLiga,1,Athletic Bilbao,10.0,30,25.7,1,4810000,144200000,False,False,False,False,False
1074,2011,ES,LaLiga,1,Getafe CF,11.0,34,26.9,7,2089999,70950000,False,False,False,False,False
1073,2011,ES,LaLiga,1,Real Sociedad,12.0,26,25.8,8,2870000,74700000,False,False,False,False,False
1079,2011,ES,LaLiga,1,Real Betis Balompié,13.0,36,26.2,6,1460000,52700000,True,False,True,False,False
1072,2011,ES,LaLiga,1,RCD Espanyol Barcelona,14.0,37,24.5,19,2190000,81200000,False,False,False,False,False
1080,2011,ES,LaLiga,1,Rayo Vallecano,15.0,37,26.3,6,1280000,47300000,True,False,False,False,False
1076,2011,ES,LaLiga,1,Real Zaragoza,16.0,33,26.6,16,1850000,61000000,False,False,False,False,False
1077,2011,ES,LaLiga,1,Granada CF,17.0,32,26.8,14,1890000,60600000,True,False,False,False,False
1069,2011,ES,LaLiga,1,Villarreal CF,18.0,35,26.0,12,3910000,137000000,False,False,False,False,True
1078,2011,ES,LaLiga,1,Sporting Gijón,19.0,33,26.4,8,1620000,53400000,False,False,False,False,True
1082,2011,ES,LaLiga,1,Racing Santander,20.0,38,24.6,9,1120000,42600000,False,False,False,False,True
1499,2011,ES,LaLiga2,2,Deportivo de La Coruña,1.0,28,28.2,9,1350000,37900000,False,True,False,True,False
1503,2011,ES,LaLiga2,2,Celta de Vigo,2.0,26,25.9,4,754000,19600000,False,False,False,True,False
1500,2011,ES,LaLiga2,2,Real Valladolid CF,3.0,33,26.6,5,745000,24600000,False,False,False,True,False
1513,2011,ES,LaLiga2,2,AD Alcorcón,4.0,25,29.1,2,496000,12400000,False,False,False,False,False
1502,2011,ES,LaLiga2,2,Hércules CF,5.0,31,25.9,3,729000,22600000,False,True,False,False,False
1510,2011,ES,LaLiga2,2,Córdoba CF,6.0,33,25.6,6,442000,14600000,False,False,False,False,False
1501,2011,ES,LaLiga2,2,UD Almería,7.0,31,26.2,8,781000,24200000,False,True,False,False,False
1498,2011,ES,LaLiga2,2,FC Barcelona B,8.0,29,21.4,5,1360000,39400000,False,False,False,False,False
1509,2011,ES,LaLiga2,2,UD Las Palmas,9.0,31,25.8,6,484000,15000000,False,False,False,False,False
1511,2011,ES,LaLiga2,2,CD Numancia,10.0,29,26.6,5,448000,13000000,False,False,False,False,False
1504,2011,ES,LaLiga2,2,Elche CF,11.0,32,26.9,3,609000,19500000,False,False,False,False,False
1505,2011,ES,LaLiga2,2,Villarreal CF B,12.0,43,22.2,9,426000,18300000,False,False,False,False,True
1515,2011,ES,LaLiga2,2,SD Huesca,13.0,33,29.4,1,327000,10800000,False,False,False,False,False
1508,2011,ES,LaLiga2,2,Xerez CD,14.0,33,27.9,1,468000,15450000,False,False,False,False,False
1507,2011,ES,LaLiga2,2,Girona FC,15.0,33,26.9,6,470000,15500000,False,False,False,False,False
1518,2011,ES,LaLiga2,2,CD Guadalajara,16.0,24,27.6,3,313000,7500000,False,True,False,False,False
1514,2011,ES,LaLiga2,2,Recreativo Huelva,17.0,33,26.1,3,355000,11700000,False,False,False,False,False
1512,2011,ES,LaLiga2,2,Real Murcia CF,18.0,30,26.6,4,433000,13000000,False,True,False,False,False
1516,2011,ES,LaLiga2,2,CE Sabadell FC,19.0,33,27.2,5,324000,10700000,False,True,False,False,False
1506,2011,ES,LaLiga2,2,FC Cartagena,20.0,28,28.2,4,596000,16700000,False,False,False,False,True
1519,2011,ES,LaLiga2,2,CD Alcoyano,21.0,31,27.0,3,239000,7400000,False,True,False,False,True
1517,2011,ES,LaLiga2,2,Gimnàstic de Tarragona,22.0,40,25.3,4,265000,10600000,False,False,False,False,True
1084,2012,ES,LaLiga,1,FC Barcelona,1.0,30,26.3,9,19550000,586600000,False,False,True,False,False
1085,2012,ES,LaLiga,1,Real Madrid,2.0,34,25.9,19,17130000,582400000,False,False,True,False,False
1086,2012,ES,LaLiga,1,Atlético de Madrid,3.0,33,24.9,15,8090000,267000000,False,False,True,False,False
1091,2012,ES,LaLiga,1,Real Sociedad,4.0,26,25.5,8,4340000,112800000,False,False,False,False,False
1087,2012,ES,LaLiga,1,Valencia CF,5.0,30,25.6,14,5760000,172900000,False,False,False,False,False
1089,2012,ES,LaLiga,1,Málaga CF,6.0,33,27.2,21,3720000,122900000,False,False,False,False,False
1094,2012,ES,LaLiga,1,Real Betis Balompié,7.0,37,25.8,8,1790000,66200000,False,False,False,False,False
1096,2012,ES,LaLiga,1,Rayo Vallecano,8.0,34,26.1,9,1460000,49750000,False,False,False,False,False
1088,2012,ES,LaLiga,1,Sevilla FC,9.0,34,25.3,14,4260000,144800000,False,False,False,False,False
1093,2012,ES,LaLiga,1,Getafe CF,10.0,31,27.2,5,2200000,68300000,False,False,False,False,False
1102,2012,ES,LaLiga,1,Levante UD,11.0,32,28.4,14,1280000,41100000,False,False,False,False,False
1090,2012,ES,LaLiga,1,Athletic Bilbao,12.0,35,24.2,1,3420000,119850000,False,False,False,False,False
1095,2012,ES,LaLiga,1,RCD Espanyol Barcelona,13.0,31,25.9,13,2069999,64099999,False,False,False,False,False
1103,2012,ES,LaLiga,1,Real Valladolid CF,14.0,25,27.0,8,1550000,38800000,True,False,False,False,False
1092,2012,ES,LaLiga,1,Granada CF,15.0,31,27.2,14,2350000,72800000,False,False,False,False,False
1100,2012,ES,LaLiga,1,CA Osasuna,16.0,31,28.2,6,1500000,46400000,False,False,False,False,False
1097,2012,ES,LaLiga,1,Celta de Vigo,17.0,30,26.8,10,1640000,49100000,True,False,False,False,False
1098,2012,ES,LaLiga,1,RCD Mallorca,18.0,36,25.3,13,1310000,47100000,False,False,False,False,True
1101,2012,ES,LaLiga,1,Deportivo de La Coruña,19.0,31,28.8,15,1470000,45600000,True,False,True,False,True
1099,2012,ES,LaLiga,1,Real Zaragoza,20.0,37,26.5,12,1260000,46800000,False,False,False,False,True
1523,2012,ES,LaLiga2,2,Elche CF,1.0,29,27.5,4,993000,28800000,False,False,False,True,False
1522,2012,ES,LaLiga2,2,Villarreal CF,2.0,36,26.5,10,1160000,41750000,False,True,False,True,False
1525,2012,ES,LaLiga2,2,UD Almería,3.0,31,27.0,8,816000,25300000,False,False,False,True,False
1530,2012,ES,LaLiga2,2,Girona FC,4.0,29,28.0,2,510000,14800000,False,False,False,False,False
1535,2012,ES,LaLiga2,2,AD Alcorcón,5.0,28,27.9,3,407000,11400000,False,False,False,False,False
1526,2012,ES,LaLiga2,2,UD Las Palmas,6.0,32,26.4,7,606000,19400000,False,False,False,False,False
1536,2012,ES,LaLiga2,2,SD Ponferradina,7.0,28,27.8,3,407000,11400000,False,True,False,False,False
1521,2012,ES,LaLiga2,2,Real Madrid Castilla,8.0,32,21.9,6,1880000,60200000,False,True,False,False,False
1520,2012,ES,LaLiga2,2,FC Barcelona B,9.0,35,20.5,9,1760000,61600000,False,False,False,False,False
1524,2012,ES,LaLiga2,2,Sporting Gijón,10.0,34,26.9,8,806000,27400000,False,True,False,False,False
1538,2012,ES,LaLiga2,2,CD Lugo,11.0,32,26.6,4,275000,8800000,False,True,False,False,False
1531,2012,ES,LaLiga2,2,CD Numancia,12.0,28,27.3,4,486000,13600000,False,False,False,False,False
1533,2012,ES,LaLiga2,2,Recreativo Huelva,13.0,36,26.3,3,344000,12400000,False,False,False,False,False
1528,2012,ES,LaLiga2,2,Córdoba CF,14.0,34,26.0,6,509000,17300000,False,False,False,False,False
1540,2012,ES,LaLiga2,2,CD Mirandés,15.0,28,29.8,0,271000,7600000,False,True,False,False,False
1537,2012,ES,LaLiga2,2,CE Sabadell FC,16.0,33,27.8,5,300000,9900000,False,False,False,False,False
1529,2012,ES,LaLiga2,2,Hércules CF,17.0,40,25.8,7,394000,15750000,False,False,False,False,False
1539,2012,ES,LaLiga2,2,CD Guadalajara,18.0,27,26.9,2,285000,7700000,False,False,False,False,True
1532,2012,ES,LaLiga2,2,Real Murcia CF,19.0,30,26.2,8,447000,13400000,False,False,False,False,False
1527,2012,ES,LaLiga2,2,Racing Santander,20.0,35,25.8,6,503000,17600000,False,True,False,False,True
1541,2012,ES,LaLiga2,2,SD Huesca,21.0,29,27.9,1,259000,7500000,False,False,False,False,True
1534,2012,ES,LaLiga2,2,Xerez CD,22.0,44,26.6,7,275000,12100000,False,False,False,False,True
1106,2013,ES,LaLiga,1,Atlético de Madrid,1.0,35,25.5,19,8820000,308800000,False,False,True,False,False
1105,2013,ES,LaLiga,1,FC Barcelona,2.0,29,26.6,10,20420000,592200000,False,False,True,False,False
1104,2013,ES,LaLiga,1,Real Madrid,3.0,32,25.5,15,19900000,636800000,False,False,False,False,False
1110,2013,ES,LaLiga,1,Athletic Bilbao,4.0,27,26.2,0,4840000,130699999,False,False,False,False,False
1108,2013,ES,LaLiga,1,Sevilla FC,5.0,37,25.0,19,3810000,141150000,False,False,False,False,False
1111,2013,ES,LaLiga,1,Villarreal CF,6.0,29,24.8,9,2670000,77300000,True,False,False,False,False
1109,2013,ES,LaLiga,1,Real Sociedad,7.0,31,25.9,8,4410000,136700000,False,False,False,False,False
1107,2013,ES,LaLiga,1,Valencia CF,8.0,42,25.1,21,4260000,178800000,False,False,False,False,False
1117,2013,ES,LaLiga,1,Celta de Vigo,9.0,29,26.1,8,1720000,49900000,False,False,False,False,False
1120,2013,ES,LaLiga,1,Levante UD,10.0,33,28.2,14,1280000,42400000,False,False,False,False,False
1112,2013,ES,LaLiga,1,Málaga CF,11.0,31,26.5,21,2020000,62500000,False,False,False,False,False
1118,2013,ES,LaLiga,1,Rayo Vallecano,12.0,33,25.7,10,1400000,46100000,False,False,False,False,False
1115,2013,ES,LaLiga,1,Getafe CF,13.0,32,27.4,6,1750000,55900000,False,False,False,False,False
1116,2013,ES,LaLiga,1,RCD Espanyol Barcelona,14.0,26,26.2,10,1970000,51300000,False,False,False,False,False
1114,2013,ES,LaLiga,1,Granada CF,15.0,34,25.5,23,1690000,57480000,False,False,False,False,False
1119,2013,ES,LaLiga,1,Elche CF,16.0,32,27.3,7,1390000,44600000,True,False,True,False,False
1123,2013,ES,LaLiga,1,UD Almería,17.0,34,26.7,12,1070000,36450000,True,False,False,False,False
1121,2013,ES,LaLiga,1,CA Osasuna,18.0,29,27.5,6,1460000,42300000,False,False,False,False,True
1122,2013,ES,LaLiga,1,Real Valladolid CF,19.0,31,27.1,13,1330000,41200000,False,False,False,False,True
1113,2013,ES,LaLiga,1,Real Betis Balompié,20.0,41,24.9,12,1430000,58600000,False,False,False,False,True
1560,2013,ES,LaLiga2,2,SD Eibar,1.0,25,27.1,2,280000,7000000,False,True,False,True,False
1544,2013,ES,LaLiga2,2,Deportivo de La Coruña,2.0,36,26.3,13,769000,27700000,False,True,False,True,False
1542,2013,ES,LaLiga2,2,FC Barcelona B,3.0,30,20.6,9,1040000,31300000,False,False,False,False,False
1557,2013,ES,LaLiga2,2,Real Murcia CF,4.0,25,26.7,5,372000,9300000,False,False,False,False,True
1547,2013,ES,LaLiga2,2,Sporting Gijón,5.0,30,25.8,5,620000,18600000,False,False,False,False,False
1548,2013,ES,LaLiga2,2,UD Las Palmas,6.0,32,27.6,5,531000,17000000,False,False,False,False,False
1549,2013,ES,LaLiga2,2,Córdoba CF,7.0,36,25.7,7,406000,14600000,False,False,False,True,False
1550,2013,ES,LaLiga2,2,Recreativo Huelva,8.0,36,26.1,7,336000,12100000,False,False,False,False,False
1553,2013,ES,LaLiga2,2,AD Alcorcón,9.0,34,27.4,5,315000,10700000,False,False,False,False,False
1559,2013,ES,LaLiga2,2,CE Sabadell FC,10.0,32,28.5,3,234000,7500000,False,False,False,False,False
1558,2013,ES,LaLiga2,2,CD Tenerife,11.0,32,27.2,0,259000,8300000,False,True,False,False,False
1561,2013,ES,LaLiga2,2,CD Lugo,12.0,26,28.3,1,269000,7000000,False,False,False,False,False
1555,2013,ES,LaLiga2,2,CD Numancia,13.0,28,26.3,3,346000,9700000,False,False,False,False,False
1545,2013,ES,LaLiga2,2,Real Zaragoza,14.0,32,25.9,5,681000,21800000,False,True,False,False,False
1552,2013,ES,LaLiga2,2,SD Ponferradina,15.0,29,27.2,2,386000,11200000,False,False,False,False,False
1556,2013,ES,LaLiga2,2,Girona FC,16.0,32,27.0,1,291000,9300000,False,False,False,False,False
1543,2013,ES,LaLiga2,2,RCD Mallorca,17.0,37,26.3,14,781000,28900000,False,True,False,False,False
1554,2013,ES,LaLiga2,2,Deportivo Alavés,18.0,30,28.1,4,323000,9700000,False,True,False,False,False
1562,2013,ES,LaLiga2,2,CD Mirandés,19.0,27,29.0,1,233000,6300000,False,False,False,False,False
1546,2013,ES,LaLiga2,2,Real Madrid Castilla,20.0,35,22.0,9,560000,19600000,False,False,False,False,True
1563,2013,ES,LaLiga2,2,Real Jaén CF,21.0,32,28.1,3,169000,5400000,False,True,False,False,True
1551,2013,ES,LaLiga2,2,Hércules CF,22.0,33,26.0,7,345000,11400000,False,False,False,False,True
1125,2014,ES,LaLiga,1,FC Barcelona,1.0,31,25.9,17,19480000,603800000,False,False,False,False,False
1124,2014,ES,LaLiga,1,Real Madrid,2.0,41,24.7,19,19210000,787800000,False,False,True,False,False
1126,2014,ES,LaLiga,1,Atlético de Madrid,3.0,32,26.2,16,11130000,356000000,False,False,True,False,False
1127,2014,ES,LaLiga,1,Valencia CF,4.0,26,24.5,13,8850000,230000000,False,False,False,False,False
1128,2014,ES,LaLiga,1,Sevilla FC,5.0,34,25.5,14,4900000,166750000,False,False,True,False,False
1129,2014,ES,LaLiga,1,Villarreal CF,6.0,37,24.5,12,3590000,132699999,False,False,False,False,False
1130,2014,ES,LaLiga,1,Athletic Bilbao,7.0,27,26.6,1,4150000,112100000,False,False,False,False,False
1135,2014,ES,LaLiga,1,Celta de Vigo,8.0,28,24.8,11,2160000,60400000,False,False,False,False,False
1132,2014,ES,LaLiga,1,Málaga CF,9.0,30,27.1,18,2760000,82800000,False,False,False,False,False
1133,2014,ES,LaLiga,1,RCD Espanyol Barcelona,10.0,32,26.0,6,2370000,75700000,False,False,False,False,False
1137,2014,ES,LaLiga,1,Rayo Vallecano,11.0,29,27.1,12,1780000,51700000,False,False,False,False,False
1131,2014,ES,LaLiga,1,Real Sociedad,12.0,30,26.0,5,3230000,96800000,False,False,False,False,False
1141,2014,ES,LaLiga,1,Elche CF,13.0,29,26.2,9,1330000,38600000,False,False,False,False,True
1140,2014,ES,LaLiga,1,Levante UD,14.0,31,28.3,10,1400000,43450000,False,False,False,False,False
1139,2014,ES,LaLiga,1,Getafe CF,15.0,33,26.7,9,1520000,50200000,False,False,False,False,False
1136,2014,ES,LaLiga,1,Deportivo de La Coruña,16.0,33,26.9,12,1620000,53400000,True,False,False,False,False
1134,2014,ES,LaLiga,1,Granada CF,17.0,39,25.8,22,1730000,67550000,False,False,False,False,False
1143,2014,ES,LaLiga,1,SD Eibar,18.0,25,28.7,3,1180000,29400000,True,False,True,False,False
1142,2014,ES,LaLiga,1,UD Almería,19.0,31,25.5,11,1240000,38300000,False,False,False,False,True
1138,2014,ES,LaLiga,1,Córdoba CF,20.0,36,26.3,15,1410000,50900000,True,False,False,False,True
1565,2014,ES,LaLiga2,2,Real Betis Balompié,1.0,33,25.7,6,1120000,37000000,False,True,False,True,False
1568,2014,ES,LaLiga2,2,Sporting Gijón,2.0,27,24.7,3,744000,20100000,False,False,False,True,False
1575,2014,ES,LaLiga2,2,Girona FC,3.0,28,26.4,1,386000,10800000,False,False,False,False,False
1571,2014,ES,LaLiga2,2,UD Las Palmas,4.0,31,27.4,3,561000,17400000,False,False,False,True,False
1566,2014,ES,LaLiga2,2,Real Valladolid CF,5.0,33,27.0,8,982000,32400000,False,True,False,False,False
1570,2014,ES,LaLiga2,2,Real Zaragoza,6.0,36,24.6,6,489000,17600000,False,False,False,False,False
1574,2014,ES,LaLiga2,2,SD Ponferradina,7.0,27,27.5,7,415000,11200000,False,False,False,False,False
1584,2014,ES,LaLiga2,2,CD Mirandés,8.0,26,27.1,1,285000,7400000,False,False,False,False,False
1585,2014,ES,LaLiga2,2,UE Llagostera,9.0,28,27.6,1,229000,6400000,False,True,False,False,False
1577,2014,ES,LaLiga2,2,CD Leganés,10.0,30,26.6,3,353000,10600000,False,True,False,False,False
1578,2014,ES,LaLiga2,2,AD Alcorcón,11.0,30,27.3,5,340000,10200000,False,False,False,False,False
1576,2014,ES,LaLiga2,2,CD Numancia,12.0,29,27.6,7,367000,10650000,False,False,False,False,False
1581,2014,ES,LaLiga2,2,Deportivo Alavés,13.0,25,28.7,2,340000,8500000,False,False,False,False,False
1583,2014,ES,LaLiga2,2,Albacete Balompié,14.0,32,26.2,2,238000,7600000,False,True,False,False,False
1573,2014,ES,LaLiga2,2,CD Lugo,15.0,32,27.1,2,364000,11650000,False,False,False,False,False
1569,2014,ES,LaLiga2,2,RCD Mallorca,16.0,37,25.4,10,541000,20000000,False,False,False,False,False
1572,2014,ES,LaLiga2,2,CD Tenerife,17.0,33,26.0,7,388000,12800000,False,False,False,False,False
1567,2014,ES,LaLiga2,2,CA Osasuna,18.0,34,25.3,9,632000,21500000,False,True,False,False,False
1579,2014,ES,LaLiga2,2,Racing Santander,19.0,29,26.2,3,321000,9300000,False,True,False,False,True
1582,2014,ES,LaLiga2,2,Recreativo Huelva,20.0,33,25.5,4,252000,8300000,False,False,False,False,True
1580,2014,ES,LaLiga2,2,CE Sabadell FC,21.0,32,27.2,3,275000,8800000,False,False,False,False,True
1564,2014,ES,LaLiga2,2,FC Barcelona B,22.0,31,20.3,11,1380000,42700000,False,False,False,False,True
1144,2015,ES,LaLiga,1,FC Barcelona,1.0,32,26.4,16,22690000,726000000,False,False,True,False,False
1145,2015,ES,LaLiga,1,Real Madrid,2.0,30,25.3,17,23810000,714300000,False,False,False,False,False
1146,2015,ES,LaLiga,1,Atlético de Madrid,3.0,30,25.9,17,13950000,418500000,False,False,False,False,False
1150,2015,ES,LaLiga,1,Villarreal CF,4.0,28,25.8,10,5020000,140600000,False,False,False,False,False
1149,2015,ES,LaLiga,1,Athletic Bilbao,5.0,28,27.4,1,5290000,148000000,False,False,False,False,False
1152,2015,ES,LaLiga,1,Celta de Vigo,6.0,28,25.2,13,3250000,91100000,False,False,False,False,False
1148,2015,ES,LaLiga,1,Sevilla FC,7.0,38,26.2,19,6060000,230300000,False,False,True,False,False
1153,2015,ES,LaLiga,1,Málaga CF,8.0,33,27.5,23,2360000,77950000,False,False,False,False,False
1151,2015,ES,LaLiga,1,Real Sociedad,9.0,32,26.0,6,3730000,119400000,False,False,False,False,False
1158,2015,ES,LaLiga,1,Real Betis Balompié,10.0,33,27.4,14,1710000,56400000,True,False,True,False,False
1163,2015,ES,LaLiga,1,UD Las Palmas,11.0,33,27.7,7,976000,32200000,True,False,False,False,False
1147,2015,ES,LaLiga,1,Valencia CF,12.0,38,24.1,20,6680000,254000000,False,False,False,False,False
1157,2015,ES,LaLiga,1,SD Eibar,13.0,35,26.2,9,1620000,56600000,False,False,False,False,False
1155,2015,ES,LaLiga,1,RCD Espanyol Barcelona,14.0,33,25.6,9,1880000,62200000,False,False,False,False,False
1156,2015,ES,LaLiga,1,Deportivo de La Coruña,15.0,30,28.7,11,2060000,61750000,False,False,False,False,False
1154,2015,ES,LaLiga,1,Granada CF,16.0,33,26.3,19,2170000,71500000,False,False,False,False,False
1159,2015,ES,LaLiga,1,Sporting Gijón,17.0,29,25.2,8,1830000,53200000,True,False,False,False,False
1161,2015,ES,LaLiga,1,Rayo Vallecano,18.0,35,28.4,13,1420000,49600000,False,False,False,False,True
1162,2015,ES,LaLiga,1,Getafe CF,19.0,30,26.2,12,1640000,49100000,False,False,False,False,True
1160,2015,ES,LaLiga,1,Levante UD,20.0,31,27.8,10,1710000,53100000,False,False,False,False,True
1598,2015,ES,LaLiga2,2,Deportivo Alavés,1.0,27,28.3,3,411000,11100000,False,False,False,True,False
1594,2015,ES,LaLiga2,2,CD Leganés,2.0,26,26.7,3,546000,14200000,False,False,False,True,False
1596,2015,ES,LaLiga2,2,Gimnàstic de Tarragona,3.0,37,26.8,9,338000,12500000,False,True,False,False,False
1595,2015,ES,LaLiga2,2,Girona FC,4.0,28,25.7,5,464000,13000000,False,False,False,False,False
1590,2015,ES,LaLiga2,2,Córdoba CF,5.0,28,27.0,8,580000,16250000,False,True,False,False,False
1592,2015,ES,LaLiga2,2,CA Osasuna,6.0,31,25.4,6,503000,15600000,False,False,False,True,False
1600,2015,ES,LaLiga2,2,AD Alcorcón,7.0,29,26.9,6,372000,10800000,False,False,False,False,False
1588,2015,ES,LaLiga2,2,Real Zaragoza,8.0,35,26.5,9,564000,19750000,False,False,False,False,False
1602,2015,ES,LaLiga2,2,Real Oviedo,9.0,34,27.3,3,298000,10130000,False,True,False,False,False
1599,2015,ES,LaLiga2,2,CD Numancia,10.0,29,27.9,4,383000,11100000,False,False,False,False,False
1589,2015,ES,LaLiga2,2,Elche CF,11.0,30,25.2,4,548000,16450000,False,True,False,False,False
1605,2015,ES,LaLiga2,2,SD Huesca,12.0,32,27.9,6,291000,9300000,False,True,False,False,False
1601,2015,ES,LaLiga2,2,CD Tenerife,13.0,28,25.9,4,364000,10200000,False,False,False,False,False
1606,2015,ES,LaLiga2,2,CD Lugo,14.0,27,29.0,1,341000,9200000,False,False,False,False,False
1607,2015,ES,LaLiga2,2,CD Mirandés,15.0,25,27.5,2,368000,9200000,False,False,False,False,False
1586,2015,ES,LaLiga2,2,Real Valladolid CF,16.0,39,26.1,11,574000,22400000,False,False,False,False,False
1591,2015,ES,LaLiga2,2,RCD Mallorca,17.0,36,25.7,13,451000,16230000,False,False,False,False,False
1587,2015,ES,LaLiga2,2,UD Almería,18.0,36,26.1,12,558000,20100000,False,True,False,False,False
1597,2015,ES,LaLiga2,2,SD Ponferradina,19.0,27,28.3,9,422000,11400000,False,False,False,False,True
1604,2015,ES,LaLiga2,2,UE Llagostera,20.0,33,28.3,3,289000,9550000,False,False,False,False,True
1603,2015,ES,LaLiga2,2,Albacete Balompié,21.0,34,26.7,3,287000,9750000,False,False,False,False,True
1593,2015,ES,LaLiga2,2,Bilbao Athletic,22.0,32,21.6,0,484000,15500000,False,True,False,False,True
1164,2016,ES,LaLiga,1,Real Madrid,1.0,29,26.2,18,27690000,802900000,False,False,True,False,False
1165,2016,ES,LaLiga,1,FC Barcelona,2.0,33,26.3,18,23190000,765300000,False,False,True,False,False
1166,2016,ES,LaLiga,1,Atlético de Madrid,3.0,38,25.1,22,13570000,515799999,False,False,False,False,False
1167,2016,ES,LaLiga,1,Sevilla FC,4.0,38,26.1,23,7110000,270100000,False,False,True,False,False
1169,2016,ES,LaLiga,1,Villarreal CF,5.0,34,26.3,13,5610000,190700000,False,False,False,False,False
1171,2016,ES,LaLiga,1,Real Sociedad,6.0,30,26.2,4,5220000,156450000,False,False,False,False,False
1170,2016,ES,LaLiga,1,Athletic Bilbao,7.0,30,27.3,1,5750000,172600000,False,False,False,False,False
1178,2016,ES,LaLiga,1,RCD Espanyol Barcelona,8.0,29,27.8,9,2790000,80800000,False,False,False,False,False
1174,2016,ES,LaLiga,1,Deportivo Alavés,9.0,30,25.8,11,2850000,85400000,True,False,True,False,False
1179,2016,ES,LaLiga,1,SD Eibar,10.0,28,26.4,5,2430000,67950000,False,False,False,False,False
1175,2016,ES,LaLiga,1,Málaga CF,11.0,32,26.5,16,2630000,84300000,False,False,False,False,False
1168,2016,ES,LaLiga,1,Valencia CF,12.0,38,25.3,18,6780000,257500000,False,False,False,False,False
1172,2016,ES,LaLiga,1,Celta de Vigo,13.0,29,26.0,15,4220000,122400000,False,False,False,False,False
1176,2016,ES,LaLiga,1,UD Las Palmas,14.0,33,27.2,9,2550000,84300000,False,False,False,False,False
1177,2016,ES,LaLiga,1,Real Betis Balompié,15.0,28,26.8,13,3010000,84200000,False,False,False,False,False
1173,2016,ES,LaLiga,1,Deportivo de La Coruña,16.0,37,27.2,16,2540000,94000000,False,False,False,False,False
1181,2016,ES,LaLiga,1,CD Leganés,17.0,37,26.6,11,1440000,53150000,True,False,False,False,False
1182,2016,ES,LaLiga,1,Sporting Gijón,18.0,31,26.3,9,1510000,46750000,False,False,False,False,True
1183,2016,ES,LaLiga,1,CA Osasuna,19.0,37,26.0,9,1160000,42900000,True,False,False,False,True
1180,2016,ES,LaLiga,1,Granada CF,20.0,40,25.6,26,1660000,66450000,False,False,False,False,True
1608,2016,ES,LaLiga2,2,Levante UD,1.0,29,26.3,5,997000,28900000,False,True,False,True,False
1610,2016,ES,LaLiga2,2,Girona FC,2.0,32,26.3,4,703000,22500000,False,False,False,True,False
1609,2016,ES,LaLiga2,2,Getafe CF,3.0,32,28.8,14,731000,23400000,False,True,False,True,False
1620,2016,ES,LaLiga2,2,CD Tenerife,4.0,32,26.6,8,409000,13100000,False,False,False,False,False
1623,2016,ES,LaLiga2,2,Cádiz CF,5.0,32,28.2,4,397000,12700000,False,True,False,False,False
1624,2016,ES,LaLiga2,2,SD Huesca,6.0,31,27.8,8,403000,12500000,False,False,False,False,False
1613,2016,ES,LaLiga2,2,Real Valladolid CF,7.0,31,25.8,8,645000,20000000,False,False,False,False,False
1615,2016,ES,LaLiga2,2,Real Oviedo,8.0,30,28.5,3,495000,14850000,False,False,False,False,False
1626,2016,ES,LaLiga2,2,CD Lugo,9.0,33,25.6,7,353000,11650000,False,False,False,False,False
1617,2016,ES,LaLiga2,2,Córdoba CF,10.0,36,26.6,8,408000,14700000,False,False,False,False,False
1627,2016,ES,LaLiga2,2,CF Reus Deportiu,11.0,27,28.1,6,374000,10100000,False,True,False,False,False
1612,2016,ES,LaLiga2,2,Rayo Vallecano,12.0,34,27.8,12,599000,20350000,False,True,False,False,False
1611,2016,ES,LaLiga2,2,Sevilla Atlético,13.0,35,21.2,9,629000,22000000,False,True,False,False,False
1618,2016,ES,LaLiga2,2,Gimnàstic de Tarragona,14.0,41,26.8,17,326000,13350000,False,False,False,False,False
1614,2016,ES,LaLiga2,2,UD Almería,15.0,42,26.6,9,395000,16600000,False,False,False,False,False
1622,2016,ES,LaLiga2,2,Real Zaragoza,16.0,38,26.0,10,337000,12800000,False,False,False,False,False
1621,2016,ES,LaLiga2,2,CD Numancia,17.0,33,26.5,6,391000,12900000,False,False,False,False,False
1619,2016,ES,LaLiga2,2,AD Alcorcón,18.0,37,25.7,9,357000,13200000,False,False,False,False,False
1629,2016,ES,LaLiga2,2,UCAM Murcia CF,19.0,33,28.5,6,291000,9600000,False,True,False,False,True
1616,2016,ES,LaLiga2,2,RCD Mallorca,20.0,34,26.2,8,435000,14800000,False,False,False,False,True
1625,2016,ES,LaLiga2,2,Elche CF,21.0,35,27.0,4,333000,11650000,False,False,False,False,True
1628,2016,ES,LaLiga2,2,CD Mirandés,22.0,28,27.2,0,343000,9600000,False,False,False,False,True
1184,2017,ES,LaLiga,1,FC Barcelona,1.0,32,26.8,17,34190000,1090000000,False,False,True,False,False
1186,2017,ES,LaLiga,1,Atlético de Madrid,2.0,36,25.8,20,19750000,711150000,False,False,False,False,False
1185,2017,ES,LaLiga,1,Real Madrid,3.0,32,25.0,15,29850000,955350000,False,False,True,False,False
1187,2017,ES,LaLiga,1,Valencia CF,4.0,30,24.7,14,13270000,398050000,False,False,False,False,False
1191,2017,ES,LaLiga,1,Villarreal CF,5.0,40,25.8,15,5500000,220000000,False,False,False,False,False
1193,2017,ES,LaLiga,1,Real Betis Balompié,6.0,31,26.4,11,4270000,132250000,False,False,False,False,False
1188,2017,ES,LaLiga,1,Sevilla FC,7.0,33,27.0,20,7670000,253200000,False,False,False,False,False
1199,2017,ES,LaLiga,1,Getafe CF,8.0,36,27.1,18,1820000,65599999,True,False,False,False,False
1201,2017,ES,LaLiga,1,SD Eibar,9.0,33,27.4,9,1820000,60050000,False,False,False,False,False
1196,2017,ES,LaLiga,1,Girona FC,10.0,30,25.8,14,2730000,81750000,True,False,False,False,False
1194,2017,ES,LaLiga,1,RCD Espanyol Barcelona,11.0,29,27.8,7,3370000,97800000,False,False,False,False,False
1190,2017,ES,LaLiga,1,Real Sociedad,12.0,29,26.8,6,8029999,232950000,False,False,False,False,False
1192,2017,ES,LaLiga,1,Celta de Vigo,13.0,32,25.0,16,5410000,173050000,False,False,False,False,False
1197,2017,ES,LaLiga,1,Deportivo Alavés,14.0,33,25.6,12,2270000,74800000,False,False,False,False,False
1200,2017,ES,LaLiga,1,Levante UD,15.0,37,25.8,15,1670000,61850000,True,False,True,False,False
1189,2017,ES,LaLiga,1,Athletic Bilbao,16.0,33,26.4,1,7560000,249400000,False,False,False,False,False
1202,2017,ES,LaLiga,1,CD Leganés,17.0,34,27.3,15,1720000,58550000,False,False,False,False,False
1198,2017,ES,LaLiga,1,Deportivo de La Coruña,18.0,36,27.3,18,1850000,66450000,False,False,False,False,True
1195,2017,ES,LaLiga,1,UD Las Palmas,19.0,38,27.4,15,2400000,91250000,False,False,False,False,True
1203,2017,ES,LaLiga,1,Málaga CF,20.0,40,26.2,17,1380000,55200000,False,False,False,False,True
1633,2017,ES,LaLiga2,2,Rayo Vallecano,1.0,31,27.9,12,831000,25750000,False,False,False,True,False
1636,2017,ES,LaLiga2,2,SD Huesca,2.0,29,27.2,7,747000,21650000,False,False,False,True,False
1645,2017,ES,LaLiga2,2,Real Zaragoza,3.0,29,25.7,8,484000,14050000,False,False,False,False,False
1631,2017,ES,LaLiga2,2,Sporting Gijón,4.0,33,26.0,6,909000,30000000,False,True,False,False,False
1632,2017,ES,LaLiga2,2,Real Valladolid CF,5.0,34,25.9,7,800000,27200000,False,False,False,True,False
1647,2017,ES,LaLiga2,2,CD Numancia,6.0,28,26.7,4,461000,12900000,False,False,False,False,False
1644,2017,ES,LaLiga2,2,Real Oviedo,7.0,33,26.7,11,429000,14150000,False,False,False,False,False
1635,2017,ES,LaLiga2,2,CA Osasuna,8.0,28,27.5,3,777000,21750000,False,True,False,False,False
1638,2017,ES,LaLiga2,2,Cádiz CF,9.0,35,26.7,9,511000,17900000,False,False,False,False,False
1634,2017,ES,LaLiga2,2,Granada CF,10.0,31,26.9,14,716000,22200000,False,True,False,False,False
1649,2017,ES,LaLiga2,2,CD Tenerife,11.0,31,27.2,6,366000,11350000,False,False,False,False,False
1643,2017,ES,LaLiga2,2,CD Lugo,12.0,33,25.8,6,448000,14800000,False,False,False,False,False
1650,2017,ES,LaLiga2,2,AD Alcorcón,13.0,33,28.5,7,340000,11230000,False,False,False,False,False
1651,2017,ES,LaLiga2,2,CF Reus Deportiu,14.0,28,27.4,6,361000,10100000,False,False,False,False,False
1642,2017,ES,LaLiga2,2,Gimnàstic de Tarragona,15.0,40,25.7,14,371000,14830000,False,False,False,False,False
1639,2017,ES,LaLiga2,2,Córdoba CF,16.0,41,26.1,8,394000,16149999,False,False,False,False,False
1646,2017,ES,LaLiga2,2,Albacete Balompié,17.0,38,27.4,9,343000,13050000,False,True,False,False,False
1640,2017,ES,LaLiga2,2,UD Almería,18.0,34,26.1,12,471000,16000000,False,False,False,False,False
1641,2017,ES,LaLiga2,2,Cultural Leonesa,19.0,29,27.0,8,516000,14950000,False,True,False,False,True
1630,2017,ES,LaLiga2,2,FC Barcelona B,20.0,38,21.3,7,1330000,50700000,False,True,False,False,True
1648,2017,ES,LaLiga2,2,Lorca FC,21.0,39,26.8,11,294000,11450000,False,True,False,False,True
1637,2017,ES,LaLiga2,2,Sevilla Atlético,22.0,37,21.2,7,503000,18600000,False,False,False,False,True
1204,2018,ES,LaLiga,1,FC Barcelona,1.0,39,25.2,20,29720000,1160000000,False,False,True,False,False
1205,2018,ES,LaLiga,1,Atlético de Madrid,2.0,37,24.7,17,26210000,969700000,False,False,True,False,False
1206,2018,ES,LaLiga,1,Real Madrid,3.0,36,25.2,16,24890000,896100000,False,False,True,False,False
1207,2018,ES,LaLiga,1,Valencia CF,4.0,33,25.2,17,15140000,499650000,False,False,False,False,False
1215,2018,ES,LaLiga,1,Getafe CF,5.0,28,27.7,13,4720000,132199999,False,False,False,False,False
1208,2018,ES,LaLiga,1,Sevilla FC,6.0,38,26.6,21,8060000,306300000,False,False,False,False,False
1214,2018,ES,LaLiga,1,RCD Espanyol Barcelona,7.0,30,27.3,9,5820000,174700000,False,False,False,False,False
1211,2018,ES,LaLiga,1,Athletic Bilbao,8.0,32,27.3,3,7320000,234250000,False,False,False,False,False
1209,2018,ES,LaLiga,1,Real Sociedad,9.0,33,24.6,8,9120000,300950000,False,False,False,False,False
1210,2018,ES,LaLiga,1,Real Betis Balompié,10.0,34,25.9,15,8550000,290750000,False,False,False,False,False
1217,2018,ES,LaLiga,1,Deportivo Alavés,11.0,29,26.4,10,3820000,110800000,False,False,False,False,False
1220,2018,ES,LaLiga,1,SD Eibar,12.0,29,28.1,8,3240000,93900000,False,False,False,False,False
1216,2018,ES,LaLiga,1,CD Leganés,13.0,38,26.4,19,2960000,112450000,False,False,False,False,False
1213,2018,ES,LaLiga,1,Villarreal CF,14.0,32,27.9,12,7210000,230650000,False,False,False,False,False
1218,2018,ES,LaLiga,1,Levante UD,15.0,31,26.4,10,3480000,107850000,False,False,False,False,False
1222,2018,ES,LaLiga,1,Real Valladolid CF,16.0,41,25.6,8,2020000,83000000,True,False,False,False,False
1212,2018,ES,LaLiga,1,Celta de Vigo,17.0,30,25.9,19,7800000,234100000,False,False,False,False,False
1219,2018,ES,LaLiga,1,Girona FC,18.0,33,26.3,11,2950000,97250000,False,False,False,False,True
1223,2018,ES,LaLiga,1,SD Huesca,19.0,39,27.2,15,1570000,61400000,True,False,False,False,True
1221,2018,ES,LaLiga,1,Rayo Vallecano,20.0,36,26.7,13,2410000,86700000,True,False,True,False,True
1656,2018,ES,LaLiga2,2,CA Osasuna,1.0,30,26.4,0,942000,28250000,False,False,False,True,False
1655,2018,ES,LaLiga2,2,Granada CF,2.0,29,26.8,5,1050000,30400000,False,False,False,True,False
1652,2018,ES,LaLiga2,2,Málaga CF,3.0,39,26.8,20,1220000,47400000,False,True,False,False,False
1659,2018,ES,LaLiga2,2,Albacete Balompié,4.0,38,26.1,17,655000,24900000,False,False,False,False,False
1663,2018,ES,LaLiga2,2,RCD Mallorca,5.0,33,26.7,11,629000,20750000,False,True,False,True,False
1654,2018,ES,LaLiga2,2,Deportivo de La Coruña,6.0,33,28.2,9,1120000,36850000,False,True,False,False,False
1657,2018,ES,LaLiga2,2,Cádiz CF,7.0,37,27.2,12,750000,27750000,False,False,False,False,False
1668,2018,ES,LaLiga2,2,Real Oviedo,8.0,31,27.1,7,527000,16350000,False,False,False,False,False
1660,2018,ES,LaLiga2,2,Sporting Gijón,9.0,35,25.6,10,700000,24500000,False,False,False,False,False
1661,2018,ES,LaLiga2,2,UD Almería,10.0,37,25.9,10,604000,22350000,False,False,False,False,False
1671,2018,ES,LaLiga2,2,Elche CF,11.0,36,27.9,7,422000,15200000,False,True,False,False,False
1653,2018,ES,LaLiga2,2,UD Las Palmas,12.0,40,27.9,9,929000,37150000,False,True,False,False,False
1664,2018,ES,LaLiga2,2,Extremadura UD,13.0,48,27.6,12,399000,19150000,False,True,False,False,False
1672,2018,ES,LaLiga2,2,AD Alcorcón,14.0,38,27.3,6,346000,13150000,False,False,False,False,False
1662,2018,ES,LaLiga2,2,Real Zaragoza,15.0,34,26.3,10,631000,21450000,False,False,False,False,False
1658,2018,ES,LaLiga2,2,CD Tenerife,16.0,33,27.1,10,783000,25850000,False,False,False,False,False
1670,2018,ES,LaLiga2,2,CD Numancia,17.0,37,26.2,6,434000,16050000,False,False,False,False,False
1665,2018,ES,LaLiga2,2,CD Lugo,18.0,41,25.7,10,459000,18800000,False,False,False,False,False
1666,2018,ES,LaLiga2,2,CF Rayo Majadahonda,19.0,33,26.8,5,506000,16700000,False,True,False,False,True
1667,2018,ES,LaLiga2,2,Gimnàstic de Tarragona,20.0,49,26.0,18,339000,16600000,False,False,False,False,True
1669,2018,ES,LaLiga2,2,Córdoba CF,21.0,38,26.3,8,426000,16200000,False,False,False,False,True
1673,2018,ES,LaLiga2,2,CF Reus Deportiu,22.0,27,25.7,5,333000,9000000,False,False,False,False,True
1225,2019,ES,LaLiga,1,Real Madrid,1.0,33,26.2,21,27690000,913750000,False,False,False,False,False
1224,2019,ES,LaLiga,1,FC Barcelona,2.0,42,24.7,23,22150000,930280000,False,False,True,False,False
1226,2019,ES,LaLiga,1,Atlético de Madrid,3.0,33,25.3,16,21820000,720150000,False,False,False,False,False
1229,2019,ES,LaLiga,1,Sevilla FC,4.0,35,26.2,16,8420000,294750000,False,False,False,False,False
1232,2019,ES,LaLiga,1,Villarreal CF,5.0,33,26.9,11,6320000,208680000,False,False,False,False,False
1228,2019,ES,LaLiga,1,Real Sociedad,6.0,36,25.0,7,9650000,347550000,False,False,False,False,False
1242,2019,ES,LaLiga,1,Granada CF,7.0,34,26.4,13,1660000,56580000,True,False,False,False,False
1233,2019,ES,LaLiga,1,Getafe CF,8.0,33,28.5,17,5320000,175450000,False,False,False,False,False
1227,2019,ES,LaLiga,1,Valencia CF,9.0,33,25.9,17,12960000,427800000,False,False,True,False,False
1241,2019,ES,LaLiga,1,CA Osasuna,10.0,37,26.9,4,1700000,62780000,True,False,True,False,False
1231,2019,ES,LaLiga,1,Athletic Bilbao,11.0,32,26.8,2,6620000,211750000,False,False,False,False,False
1238,2019,ES,LaLiga,1,Levante UD,12.0,33,27.0,8,2740000,90500000,False,False,False,False,False
1239,2019,ES,LaLiga,1,Real Valladolid CF,13.0,37,26.0,9,2370000,87780000,False,False,False,False,False
1243,2019,ES,LaLiga,1,SD Eibar,14.0,29,28.8,11,1850000,53750000,False,False,False,False,False
1230,2019,ES,LaLiga,1,Real Betis Balompié,15.0,38,25.5,10,6430000,244350000,False,False,False,False,False
1237,2019,ES,LaLiga,1,Deportivo Alavés,16.0,37,26.6,11,2890000,106750000,False,False,False,False,False
1234,2019,ES,LaLiga,1,Celta de Vigo,17.0,35,25.5,13,4770000,167000000,False,False,False,False,False
1236,2019,ES,LaLiga,1,CD Leganés,18.0,39,25.8,16,2810000,109700000,False,False,False,False,True
1240,2019,ES,LaLiga,1,RCD Mallorca,19.0,35,26.9,15,1850000,64680000,True,False,False,False,True
1235,2019,ES,LaLiga,1,RCD Espanyol Barcelona,20.0,40,26.3,12,3900000,156050000,False,False,False,False,True
1679,2019,ES,LaLiga2,2,SD Huesca,1.0,32,26.2,7,959000,30680000,False,True,False,True,False
1681,2019,ES,LaLiga2,2,Cádiz CF,2.0,41,26.9,12,523000,21450000,False,False,False,True,False
1680,2019,ES,LaLiga2,2,Real Zaragoza,3.0,36,25.8,13,705000,25380000,False,False,False,False,False
1678,2019,ES,LaLiga2,2,UD Almería,4.0,44,25.0,17,763000,33549999,False,False,False,False,False
1674,2019,ES,LaLiga2,2,Girona FC,5.0,37,26.7,10,1120000,41380000,False,True,False,False,False
1685,2019,ES,LaLiga2,2,Elche CF,6.0,35,25.8,5,447000,15650000,False,False,False,True,False
1675,2019,ES,LaLiga2,2,Rayo Vallecano,7.0,42,25.9,11,904000,37980000,False,True,False,False,False
1695,2019,ES,LaLiga2,2,CF Fuenlabrada,8.0,35,26.7,7,296000,10350000,False,True,False,False,False
1677,2019,ES,LaLiga2,2,UD Las Palmas,9.0,43,26.8,10,786000,33800000,False,False,False,False,False
1692,2019,ES,LaLiga2,2,AD Alcorcón,10.0,32,27.0,9,332000,10630000,False,False,False,False,False
1688,2019,ES,LaLiga2,2,CD Mirandés,11.0,31,26.0,13,436000,13530000,False,True,False,False,False
1687,2019,ES,LaLiga2,2,CD Tenerife,12.0,31,26.4,7,473000,14680000,False,False,False,False,False
1683,2019,ES,LaLiga2,2,Sporting Gijón,13.0,33,26.1,7,589000,19430000,False,False,False,False,False
1682,2019,ES,LaLiga2,2,Málaga CF,14.0,37,24.6,12,542000,20050000,False,False,False,False,False
1684,2019,ES,LaLiga2,2,Real Oviedo,15.0,35,27.1,7,464000,16250000,False,False,False,False,False
1689,2019,ES,LaLiga2,2,CD Lugo,16.0,37,26.3,11,335000,12400000,False,False,False,False,False
1686,2019,ES,LaLiga2,2,Albacete Balompié,17.0,37,26.8,12,408000,15100000,False,False,False,False,False
1693,2019,ES,LaLiga2,2,SD Ponferradina,18.0,33,27.2,8,321000,10600000,False,True,False,False,False
1676,2019,ES,LaLiga2,2,Deportivo de La Coruña,19.0,42,26.4,15,833000,35000000,False,False,False,False,True
1691,2019,ES,LaLiga2,2,CD Numancia,20.0,37,25.5,4,299000,11080000,False,False,False,False,True
1694,2019,ES,LaLiga2,2,Extremadura UD,21.0,36,27.0,9,292000,10500000,False,False,False,False,True
1690,2019,ES,LaLiga2,2,Racing Santander,22.0,37,27.0,7,314000,11630000,False,True,False,False,True
1246,2020,ES,LaLiga,1,Atlético de Madrid,1.0,39,25.4,21,19820000,773100000,False,False,False,False,False
1245,2020,ES,LaLiga,1,Real Madrid,2.0,37,25.3,17,21280000,787300000,False,False,True,False,False
1244,2020,ES,LaLiga,1,FC Barcelona,3.0,32,25.5,20,25420000,813500000,False,False,False,False,False
1247,2020,ES,LaLiga,1,Sevilla FC,4.0,38,26.2,17,11010000,418250000,False,False,True,False,False
1248,2020,ES,LaLiga,1,Real Sociedad,5.0,38,25.1,5,10700000,406600000,False,False,True,False,False
1251,2020,ES,LaLiga,1,Real Betis Balompié,6.0,33,27.2,12,6290000,207700000,False,False,False,False,False
1249,2020,ES,LaLiga,1,Villarreal CF,7.0,36,26.4,13,8130000,292600000,False,False,False,False,False
1254,2020,ES,LaLiga,1,Celta de Vigo,8.0,41,24.8,12,3800000,155850000,False,False,False,False,False
1252,2020,ES,LaLiga,1,Athletic Bilbao,9.0,32,26.4,2,6380000,204150000,False,False,False,False,False
1255,2020,ES,LaLiga,1,Granada CF,10.0,44,25.3,17,2790000,122650000,False,False,False,False,False
1257,2020,ES,LaLiga,1,CA Osasuna,11.0,36,27.5,6,2690000,96750000,False,False,False,False,False
1262,2020,ES,LaLiga,1,Cádiz CF,12.0,41,27.6,16,1160000,47650000,True,False,False,False,False
1250,2020,ES,LaLiga,1,Valencia CF,13.0,35,25.2,20,7970000,278850000,False,False,False,False,False
1256,2020,ES,LaLiga,1,Levante UD,14.0,34,27.0,10,3320000,113000000,False,False,False,False,False
1253,2020,ES,LaLiga,1,Getafe CF,15.0,33,25.9,19,5150000,170100000,False,False,False,False,False
1259,2020,ES,LaLiga,1,Deportivo Alavés,16.0,35,26.1,10,2280000,79800000,False,False,False,False,False
1263,2020,ES,LaLiga,1,Elche CF,17.0,41,27.2,15,1110000,45650000,True,False,False,False,False
1260,2020,ES,LaLiga,1,SD Huesca,18.0,34,26.9,9,1890000,64099999,True,False,True,False,True
1261,2020,ES,LaLiga,1,Real Valladolid CF,19.0,41,27.1,9,1550000,63350000,False,False,False,False,True
1258,2020,ES,LaLiga,1,SD Eibar,20.0,34,27.5,9,2450000,83400000,False,False,False,False,True
1696,2020,ES,LaLiga2,2,RCD Espanyol Barcelona,1.0,37,24.7,7,2160000,80000000,False,True,False,True,False
1698,2020,ES,LaLiga2,2,RCD Mallorca,2.0,39,26.0,13,1310000,50950000,False,True,False,True,False
1700,2020,ES,LaLiga2,2,CD Leganés,3.0,39,26.7,10,884000,34480000,False,True,False,False,False
1697,2020,ES,LaLiga2,2,UD Almería,4.0,35,24.6,17,2020000,70600000,False,False,False,False,False
1699,2020,ES,LaLiga2,2,Girona FC,5.0,40,25.2,13,908000,36330000,False,False,False,False,False
1701,2020,ES,LaLiga2,2,Rayo Vallecano,6.0,36,26.0,11,829000,29850000,False,False,False,True,False
1702,2020,ES,LaLiga2,2,Sporting Gijón,7.0,37,24.9,6,646000,23900000,False,False,False,False,False
1711,2020,ES,LaLiga2,2,SD Ponferradina,8.0,34,25.7,8,338000,11500000,False,False,False,False,False
1704,2020,ES,LaLiga2,2,UD Las Palmas,9.0,42,25.4,8,485000,20350000,False,False,False,False,False
1706,2020,ES,LaLiga2,2,CD Mirandés,10.0,35,24.1,7,474000,16600000,False,False,False,False,False
1707,2020,ES,LaLiga2,2,CF Fuenlabrada,11.0,34,25.1,10,435000,14800000,False,False,False,False,False
1705,2020,ES,LaLiga2,2,Málaga CF,12.0,48,24.1,15,422000,20280000,False,False,False,False,False
1709,2020,ES,LaLiga2,2,Real Oviedo,13.0,34,25.7,6,399000,13550000,False,False,False,False,False
1708,2020,ES,LaLiga2,2,CD Tenerife,14.0,38,26.0,10,361000,13700000,False,False,False,False,False
1703,2020,ES,LaLiga2,2,Real Zaragoza,15.0,38,25.3,12,609000,23150000,False,False,False,False,False
1710,2020,ES,LaLiga2,2,FC Cartagena,16.0,43,27.5,14,305000,13100000,False,True,False,False,False
1716,2020,ES,LaLiga2,2,AD Alcorcón,17.0,34,26.5,9,247000,8400000,False,False,False,False,False
1715,2020,ES,LaLiga2,2,CD Lugo,18.0,36,26.4,7,245000,8830000,False,False,False,False,False
1717,2020,ES,LaLiga2,2,CE Sabadell FC,19.0,33,26.9,2,217000,7150000,False,True,False,False,True
1714,2020,ES,LaLiga2,2,UD Logroñés,20.0,36,26.7,6,264000,9500000,False,True,False,False,True
1713,2020,ES,LaLiga2,2,CD Castellón,21.0,36,27.9,4,278000,10000000,False,True,False,False,True
1712,2020,ES,LaLiga2,2,Albacete Balompié,22.0,36,26.4,11,282000,10150000,False,False,False,False,True
1264,2021,ES,LaLiga,1,Real Madrid,1.0,36,26.3,19,21410000,770750000,False,False,False,False,False
1265,2021,ES,LaLiga,1,FC Barcelona,2.0,47,25.5,24,15650000,735600000,False,False,True,False,False
1266,2021,ES,LaLiga,1,Atlético de Madrid,3.0,43,25.7,24,15390000,661800000,False,False,True,False,False
1268,2021,ES,LaLiga,1,Sevilla FC,4.0,43,26.2,21,8950000,385000000,False,False,False,False,False
1271,2021,ES,LaLiga,1,Real Betis Balompié,5.0,38,27.9,13,6820000,259000000,False,False,False,False,False
1269,2021,ES,LaLiga,1,Real Sociedad,6.0,40,25.2,7,9420000,376950000,False,False,False,False,False
1267,2021,ES,LaLiga,1,Villarreal CF,7.0,39,26.5,15,10480000,408900000,False,False,True,False,False
1272,2021,ES,LaLiga,1,Athletic Bilbao,8.0,31,26.2,1,7290000,226050000,False,False,False,False,False
1270,2021,ES,LaLiga,1,Valencia CF,9.0,44,24.1,20,7060000,310600000,False,False,False,False,False
1276,2021,ES,LaLiga,1,CA Osasuna,10.0,32,27.4,3,3390000,108450000,False,False,False,False,False
1275,2021,ES,LaLiga,1,Celta de Vigo,11.0,34,26.0,11,3530000,120000000,False,False,False,False,False
1282,2021,ES,LaLiga,1,Rayo Vallecano,12.0,36,26.7,14,1870000,67200000,True,False,False,False,False
1280,2021,ES,LaLiga,1,Elche CF,13.0,37,27.9,14,1970000,72980000,False,False,False,False,False
1274,2021,ES,LaLiga,1,RCD Espanyol Barcelona,14.0,38,25.9,7,3460000,131600000,True,False,True,False,False
1273,2021,ES,LaLiga,1,Getafe CF,15.0,43,25.7,18,4850000,208680000,False,False,False,False,False
1279,2021,ES,LaLiga,1,RCD Mallorca,16.0,41,26.2,16,1810000,74150000,True,False,False,False,False
1281,2021,ES,LaLiga,1,Cádiz CF,17.0,37,27.7,14,1830000,67800000,False,False,False,False,False
1277,2021,ES,LaLiga,1,Granada CF,18.0,39,26.9,16,2660000,103750000,False,False,False,False,True
1278,2021,ES,LaLiga,1,Levante UD,19.0,42,26.8,12,1850000,77900000,False,False,False,False,True
1283,2021,ES,LaLiga,1,Deportivo Alavés,20.0,43,25.6,15,1520000,65349999,False,False,False,False,True
1719,2021,ES,LaLiga2,2,UD Almería,1.0,36,25.8,12,1770000,63750000,False,False,False,True,False
1718,2021,ES,LaLiga2,2,Real Valladolid CF,2.0,42,27.0,10,1590000,66650000,False,True,False,True,False
1725,2021,ES,LaLiga2,2,SD Eibar,3.0,33,27.8,6,886000,29250000,False,True,False,False,False
1727,2021,ES,LaLiga2,2,UD Las Palmas,4.0,37,25.7,8,691000,25550000,False,False,False,False,False
1731,2021,ES,LaLiga2,2,CD Tenerife,5.0,37,26.6,7,565000,20900000,False,False,False,False,False
1721,2021,ES,LaLiga2,2,Girona FC,6.0,40,24.2,10,951000,38050000,False,False,False,True,False
1729,2021,ES,LaLiga2,2,Real Oviedo,7.0,34,26.0,5,665000,22600000,False,False,False,False,False
1732,2021,ES,LaLiga2,2,SD Ponferradina,8.0,32,26.4,8,486000,15550000,False,False,False,False,False
1734,2021,ES,LaLiga2,2,FC Cartagena,9.0,39,28.0,11,362000,14100000,False,False,False,False,False
1726,2021,ES,LaLiga2,2,Real Zaragoza,10.0,40,25.8,7,693000,27700000,False,False,False,False,False
1738,2021,ES,LaLiga2,2,Burgos CF,11.0,27,28.1,1,343000,9250000,False,True,False,False,False
1720,2021,ES,LaLiga2,2,CD Leganés,12.0,44,26.7,11,967000,42550000,False,False,False,False,False
1724,2021,ES,LaLiga2,2,SD Huesca,13.0,38,26.4,9,787000,29900000,False,True,False,False,False
1730,2021,ES,LaLiga2,2,CD Mirandés,14.0,33,24.1,7,668000,22050000,False,False,False,False,False
1735,2021,ES,LaLiga2,2,UD Ibiza,15.0,34,27.3,5,362000,12300000,False,True,False,False,False
1739,2021,ES,LaLiga2,2,CD Lugo,16.0,38,26.8,5,236000,8980000,False,False,False,False,False
1723,2021,ES,LaLiga2,2,Sporting Gijón,17.0,42,24.7,7,720000,30250000,False,False,False,False,False
1728,2021,ES,LaLiga2,2,Málaga CF,18.0,42,24.6,9,583000,24500000,False,False,False,False,False
1736,2021,ES,LaLiga2,2,SD Amorebieta,19.0,30,29.3,0,333000,10000000,False,True,False,False,True
1722,2021,ES,LaLiga2,2,Real Sociedad B,20.0,39,22.0,4,835000,32549999,False,True,False,False,True
1733,2021,ES,LaLiga2,2,CF Fuenlabrada,21.0,42,26.3,17,357000,14980000,False,False,False,False,True
1737,2021,ES,LaLiga2,2,AD Alcorcón,22.0,47,26.9,9,199000,9380000,False,False,False,False,True
1285,2022,ES,LaLiga,1,FC Barcelona,1.0,41,24.4,14,20410000,836800000,False,False,False,False,False
1284,2022,ES,LaLiga,1,Real Madrid,2.0,36,25.9,20,25650000,923450000,False,False,True,False,False
1286,2022,ES,LaLiga,1,Atlético de Madrid,3.0,40,25.8,22,13360000,534299999,False,False,False,False,False
1287,2022,ES,LaLiga,1,Real Sociedad,4.0,37,25.0,6,11940000,441700000,False,False,False,False,False
1288,2022,ES,LaLiga,1,Villarreal CF,5.0,43,26.4,15,8450000,363500000,False,False,False,False,False
1290,2022,ES,LaLiga,1,Real Betis Balompié,6.0,38,27.6,13,6480000,246400000,False,False,True,False,False
1293,2022,ES,LaLiga,1,CA Osasuna,7.0,31,27.2,4,4840000,150050000,False,False,False,False,False
1292,2022,ES,LaLiga,1,Athletic Bilbao,8.0,31,27.1,1,7180000,222450000,False,False,False,False,False
1299,2022,ES,LaLiga,1,RCD Mallorca,9.0,38,26.9,19,2820000,107000000,False,False,False,False,False
1294,2022,ES,LaLiga,1,Girona FC,10.0,37,25.6,13,3780000,139900000,True,False,False,False,False
1291,2022,ES,LaLiga,1,Sevilla FC,11.0,42,26.8,23,5540000,232580000,False,False,False,False,False
1300,2022,ES,LaLiga,1,Rayo Vallecano,12.0,29,28.7,10,3570000,103400000,False,False,False,False,False
1295,2022,ES,LaLiga,1,Celta de Vigo,13.0,36,25.7,12,3860000,138800000,False,False,False,False,False
1289,2022,ES,LaLiga,1,Valencia CF,14.0,40,24.5,18,6240000,249780000,False,False,False,False,False
1296,2022,ES,LaLiga,1,Getafe CF,15.0,34,26.5,14,3500000,118900000,False,False,False,False,False
1303,2022,ES,LaLiga,1,Cádiz CF,16.0,47,27.3,17,1400000,65599999,False,False,False,False,False
1298,2022,ES,LaLiga,1,UD Almería,17.0,36,25.9,18,3170000,114200000,True,False,True,False,False
1301,2022,ES,LaLiga,1,Real Valladolid CF,18.0,41,26.8,18,2210000,90750000,True,False,False,False,True
1297,2022,ES,LaLiga,1,RCD Espanyol Barcelona,19.0,37,25.9,11,3150000,116500000,False,False,False,False,True
1302,2022,ES,LaLiga,1,Elche CF,20.0,40,27.0,17,1690000,67500000,False,False,False,False,True
1740,2022,ES,LaLiga2,2,Granada CF,1.0,38,26.9,9,1460000,55400000,False,True,False,True,False
1746,2022,ES,LaLiga2,2,UD Las Palmas,2.0,36,25.9,7,840000,30230000,False,False,False,True,False
1741,2022,ES,LaLiga2,2,Levante UD,3.0,35,25.7,6,1280000,44780000,False,True,False,False,False
1742,2022,ES,LaLiga2,2,Deportivo Alavés,4.0,36,25.1,15,1000000,36080000,False,True,False,True,False
1748,2022,ES,LaLiga2,2,SD Eibar,5.0,31,27.5,5,852000,26400000,False,False,False,False,False
1756,2022,ES,LaLiga2,2,Albacete Balompié,6.0,38,25.3,8,474000,18030000,False,True,False,False,False
1754,2022,ES,LaLiga2,2,FC Andorra,7.0,31,25.2,5,613000,19000000,False,True,False,False,False
1744,2022,ES,LaLiga2,2,Real Oviedo,8.0,41,25.6,7,771000,31600000,False,False,False,False,False
1752,2022,ES,LaLiga2,2,FC Cartagena,9.0,41,27.3,13,470000,19250000,False,False,False,False,False
1755,2022,ES,LaLiga2,2,CD Tenerife,10.0,35,26.6,7,519000,18150000,False,False,False,False,False
1757,2022,ES,LaLiga2,2,Burgos CF,11.0,32,27.2,2,534000,17100000,False,False,False,False,False
1759,2022,ES,LaLiga2,2,Racing Santander,12.0,35,26.0,6,444000,15550000,False,True,False,False,False
1745,2022,ES,LaLiga2,2,Real Zaragoza,13.0,36,26.3,11,869000,31280000,False,False,False,False,False
1743,2022,ES,LaLiga2,2,CD Leganés,14.0,40,26.5,12,800000,32000000,False,False,False,False,False
1751,2022,ES,LaLiga2,2,SD Huesca,15.0,35,26.5,8,656000,22980000,False,False,False,False,False
1750,2022,ES,LaLiga2,2,CD Mirandés,16.0,34,23.9,5,729000,24800000,False,False,False,False,False
1747,2022,ES,LaLiga2,2,Sporting Gijón,17.0,42,25.2,12,715000,30050000,False,False,False,False,False
1749,2022,ES,LaLiga2,2,Villarreal CF B,18.0,35,22.5,8,729000,25500000,False,True,False,False,False
1760,2022,ES,LaLiga2,2,SD Ponferradina,19.0,35,27.0,15,436000,15250000,False,False,False,False,True
1753,2022,ES,LaLiga2,2,Málaga CF,20.0,42,26.4,10,458000,19250000,False,False,False,False,True
1758,2022,ES,LaLiga2,2,UD Ibiza,21.0,39,26.7,13,422000,16480000,False,False,False,False,True
1761,2022,ES,LaLiga2,2,CD Lugo,22.0,42,26.1,12,277000,11650000,False,False,False,False,True
1304,2023,ES,LaLiga,1,Real Madrid,1.0,37,25.6,21,30680000,1140000000,False,False,True,False,False
1305,2023,ES,LaLiga,1,FC Barcelona,2.0,38,24.0,15,24110000,916200000,False,False,True,False,False
1308,2023,ES,LaLiga,1,Girona FC,3.0,37,25.6,15,8050000,297900000,False,False,False,False,False
1307,2023,ES,LaLiga,1,Atlético de Madrid,4.0,42,26.9,23,10920000,458450000,False,False,False,False,False
1309,2023,ES,LaLiga,1,Athletic Bilbao,5.0,31,27.0,2,9540000,295650000,False,False,False,False,False
1306,2023,ES,LaLiga,1,Real Sociedad,6.0,40,25.2,10,12460000,498500000,False,False,False,False,False
1313,2023,ES,LaLiga,1,Real Betis Balompié,7.0,42,27.0,21,5350000,224880000,False,False,False,False,False
1310,2023,ES,LaLiga,1,Villarreal CF,8.0,39,27.2,15,6470000,252500000,False,False,False,False,False
1311,2023,ES,LaLiga,1,Valencia CF,9.0,36,23.8,11,6800000,244730000,False,False,False,False,False
1317,2023,ES,LaLiga,1,Deportivo Alavés,10.0,41,24.5,15,3020000,123700000,True,False,False,False,False
1319,2023,ES,LaLiga,1,CA Osasuna,11.0,32,27.2,5,3290000,105350000,False,False,False,False,False
1316,2023,ES,LaLiga,1,Getafe CF,12.0,40,25.7,18,3330000,133000000,False,False,False,False,False
1312,2023,ES,LaLiga,1,Sevilla FC,13.0,49,26.7,27,4670000,228750000,False,False,True,False,False
1314,2023,ES,LaLiga,1,Celta de Vigo,14.0,39,25.9,14,3830000,149300000,False,False,False,False,False
1321,2023,ES,LaLiga,1,RCD Mallorca,15.0,35,26.9,14,2510000,87700000,False,False,False,False,False
1318,2023,ES,LaLiga,1,UD Las Palmas,16.0,35,26.2,10,3210000,112400000,True,False,False,False,False
1322,2023,ES,LaLiga,1,Rayo Vallecano,17.0,30,28.9,12,2130000,63950000,False,False,False,False,False
1323,2023,ES,LaLiga,1,Cádiz CF,18.0,44,27.0,15,1380000,60700000,False,False,False,False,True
1320,2023,ES,LaLiga,1,UD Almería,19.0,41,25.3,23,2420000,99400000,False,False,False,False,True
1315,2023,ES,LaLiga,1,Granada CF,20.0,46,26.4,18,3070000,141100000,True,False,True,False,True
1771,2023,ES,LaLiga2,2,CD Leganés,1.0,39,25.8,9,741000,28900000,False,False,False,True,False
1763,2023,ES,LaLiga2,2,Real Valladolid CF,2.0,45,25.9,19,1130000,50900000,False,True,False,True,False
1769,2023,ES,LaLiga2,2,SD Eibar,3.0,35,27.5,9,905000,31680000,False,False,False,False,False
1762,2023,ES,LaLiga2,2,RCD Espanyol Barcelona,4.0,44,25.0,10,1310000,57430000,False,True,False,True,False
1770,2023,ES,LaLiga2,2,Sporting Gijón,5.0,41,25.3,16,768000,31500000,False,False,False,False,False
1765,2023,ES,LaLiga2,2,Real Oviedo,6.0,39,25.9,7,929000,36250000,False,False,False,False,False
1772,2023,ES,LaLiga2,2,Racing Santander,7.0,36,26.1,6,738000,26550000,False,False,False,False,False
1768,2023,ES,LaLiga2,2,Levante UD,8.0,40,24.3,6,804000,32150000,False,False,False,False,False
1775,2023,ES,LaLiga2,2,Burgos CF,9.0,33,26.3,6,622000,20530000,False,False,False,False,False
1779,2023,ES,LaLiga2,2,Racing Ferrol,10.0,29,28.6,2,641000,18600000,False,True,False,False,False
1764,2023,ES,LaLiga2,2,Elche CF,11.0,39,26.8,11,1250000,48700000,False,True,False,False,False
1778,2023,ES,LaLiga2,2,CD Tenerife,12.0,43,26.1,6,446000,19180000,False,False,False,False,False
1774,2023,ES,LaLiga2,2,Albacete Balompié,13.0,33,27.3,8,626000,20650000,False,False,False,False,False
1780,2023,ES,LaLiga2,2,FC Cartagena,14.0,42,27.4,12,369000,15500000,False,False,False,False,False
1767,2023,ES,LaLiga2,2,Real Zaragoza,15.0,39,25.4,7,910000,35500000,False,False,False,False,False
1781,2023,ES,LaLiga2,2,CD Eldense,16.0,33,28.0,7,397000,13100000,False,True,False,False,False
1777,2023,ES,LaLiga2,2,SD Huesca,17.0,38,25.8,10,525000,19950000,False,False,False,False,False
1773,2023,ES,LaLiga2,2,CD Mirandés,18.0,36,23.7,11,576000,20750000,False,False,False,False,False
1782,2023,ES,LaLiga2,2,SD Amorebieta,19.0,28,27.1,6,455000,12750000,False,True,False,False,True
1783,2023,ES,LaLiga2,2,AD Alcorcón,20.0,38,26.4,6,298000,11330000,False,True,False,False,True
1776,2023,ES,LaLiga2,2,FC Andorra,21.0,32,25.9,6,639000,20450000,False,False,False,False,True
1766,2023,ES,LaLiga2,2,Villarreal CF B,22.0,36,21.9,6,997000,35900000,False,False,False,False,True
